Source_Mol,Optimized_Mol,Tissue,Source_Organism,Optimized_Organism,Tanimoto_Similarity,Tissue_Activity,Novelty,Diversity,,,Tanimoto_Similarity,Tissue_Activity
OC1=CC=C(C=C1)C1=COC2=C(C=CC(O)=C2)C1=O,O=C(Nc1ccc(O)cc1)c1ccsc1,kidney,Rat,Human,0.393333333,0.369765103,1,0.365546218,,brain,0.283178634,0.536506667
CN(C)C(=O)NC1=CC=C(OC2=CC=C(Cl)C=C2)C=C1,COc1ccc(OC(=O)c2cnc(N3CC[C@H](O)C3)cn2)cc1,kidney,Rat,Human,0.357731959,0.106136471,1,0.365546218,,prostate,0.277200118,0.42667686
OC(=O)CC1=CC(I)=C(OC2=CC(I)=C(O)C=C2)C(I)=C1,CN(CC(=O)N1CCc2ccccc2C1)C(=O)COc1cc(F)ccc1F,prostate,Rat,Human,0.256521739,0.443795025,1,0.510869565,,kidney,0.308011396,0.089796346
CCC(COC(=O)C=C)(COC(=O)C=C)COC(=O)C=C,C=CCN(CC)C(=O)[C@H]1CCN(C(=O)C=C)[C@H](C)C1,kidney,Rat,Human,0.288888889,0.005453882,1,0.365546218,,,,
CNC(=O)OC1=CC(C)=C(SC)C(C)=C1,CCOc1cc(CNC(=O)[C@H]2C[C@H]3CC[C@@H]2O3)ccc1C,kidney,Rat,Human,0.276470588,0.074881919,1,0.365546218,,,,
OC1=CC=C(C=C1)C1(OC(=O)C2=C1C=CC=C2)C1=CC=C(O)C=C1,O=C1C[C@@H]2C=CC=C[C@@H]2N1Cc1cc(F)cc(OC(F)F)c1,brain,Rat,Human,0.210169492,0.59809798,1,0.944444444,,,,
COC(OC)(C(=O)C1=CC=CC=C1)C1=CC=CC=C1,CN(Cc1cccc2ccccc12)C(=O)[C@@H]1CC[C@@H]2NC(=O)CN2C1,kidney,Rat,Human,0.311538462,0.054375723,1,0.365546218,,,,
Cl.CN1C(=O)C=C(OC2=C(F)C=C(F)C=C2)C2=C1N=C(NCC(C)(C)O)N=C2,COC(=O)c1cc(SC)cc2cc([C@H]3C[C@H]3C)[nH]c12,kidney,Rat,Human,0.233928571,0.238946587,1,0.365546218,,,,
"C*.O=P(OC1=CC=CC=C1)(OC1=CC=CC=C1)OC1=CC=CC=C1 |c:6,8,14,16,22,24,t:4,12,20,lp:2:2,4:2,11:2,18:2,m:1:6.7.8|",O=C1N[C@@H](c2cccc(Oc3ccccc3)c2)c2ccccc2O1,kidney,Rat,Human,0.492156863,0.109507166,1,0.365546218,,,,
CC(C)(C)C1=CC=C(OC2CCCCC2OS(=O)OCC#C)C=C1,COc1ccc(OCNC(=O)c2cc(N)ccc2OC)cc1,kidney,Rat,Human,0.283486239,0.012298302,1,0.365546218,,,,
[Cl-].CCCCCCCCCCCCCCCCCC[N+](C)(C)CC1=CC=CC=C1,CC(=O)[C@H](CCc1ccccc1)N1CCC[N@@H+](C(C)(C)C)CC1,kidney,Rat,Human,0.277419355,0.01445158,1,0.365546218,,,,
OC(=O)COC1=C(Cl)C=C(Cl)C(Cl)=N1,O=C(COc1cc(Cl)c(Cl)cc1Cl)NC(=O)N1CCCCC1,kidney,Rat,Human,0.389473684,0.014716199,1,0.365546218,,,,
COC1=C(NNC(=O)OC(C)C)C=C(C=C1)C1=CC=CC=C1,COc1ccc(Cl)cc1NC(=O)c1cc2ccccc2o1,kidney,Rat,Human,0.486363636,0.04406096,1,0.365546218,,,,
[Na+].CCOC1=CC(=CC=C1)N1C=C(N=C1C1=CC=C(C)C=C1)C(=O)N1CCN(CC1)C1=CC2=CC=CC=C2C(=C1)C([O-])=O,COc1ccc(NC(=O)[C@H]2CCN(C(C)=O)[C@@H](C)C2)cc1,prostate,Rat,Human,0.261290323,0.443710417,1,0.510869565,,,,
CC1=NC(NC2=CC=CC=C2)=NC(=C1)C1CC1,Cc1cccc(N2C[C@@H](C(=O)Nc3ccccc3)CNC2=O)c1,kidney,Rat,Human,0.42183908,0.05243165,1,0.365546218,,,,
CC(C)(C1=CC=CC=C1)C1=CC=C(O)C=C1,O=C(Nc1ccc(O)cc1)c1ccsc1,kidney,Rat,Human,0.413432836,0.369765103,1,0.365546218,,,,
O=C1C=C(OC2=CC=CC=C12)C1=CC=CC=C1,Oc1nc(NCc2nnc3n2CCCCC3)nc2c1CCC2,kidney,Rat,Human,0.145454545,0.085911989,1,0.365546218,,,,
[Na+].CCCCC(CC)COC(=O)CC(C(=O)OCC(CC)CCCC)S([O-])(=O)=O,CCC(CC)(NC(=O)CSc1ccccn1)C(=O)NC1CCCC1,kidney,Rat,Human,0.199236641,0.008584427,1,0.365546218,,,,
OC1=CC=C(C=C1)C(=O)OC1=CC=CC=C1,O=C(c1ccccc1)[C@@H]1CCN(C(=O)COc2cccc3ccccc23)C1,kidney,Rat,Human,0.402083333,0.038894262,1,0.365546218,,,,
COP(=S)(OC)OC1=CC=C(C(C)=C1)[N+]([O-])=O,CCOc1cc(CNC(=O)[C@H]2C[C@H]3CC[C@@H]2O3)ccc1C,prostate,Rat,Human,0.266666667,0.424037397,1,0.510869565,,,,
CC\C(=C(\CC)C1=CC=C(O)C=C1)C1=CC=C(O)C=C1,CCNC(=O)c1ccc2c(c1)CCCN2C(=O)c1ccc(-c2ccccc2)cc1,prostate,Rat,Human,0.372727273,0.402722865,1,0.510869565,,,,
O=C(C(=O)C1=CC=CC=C1)C1=CC=CC=C1,CN(Cc1cccc2ccccc12)C(=O)[C@@H]1CC[C@@H]2NC(=O)CN2C1,kidney,Rat,Human,0.329166667,0.054375723,1,0.365546218,,,,
"C*.O=P(OC1=CC=CC=C1)(OC1=CC=CC=C1)OC1=CC=CC=C1 |c:6,8,14,16,22,24,t:4,12,20,lp:2:2,4:2,11:2,18:2,m:1:6.7.8|",O=C1N[C@@H](c2cccc(Oc3ccccc3)c2)c2ccccc2O1,kidney,Rat,Human,0.492156863,0.109507166,1,0.365546218,,,,
CC(C)(O)C(=O)NC1=CC(=C(C=C1)[N+]([O-])=O)C(F)(F)F,Cc1nc(N)sc1COC(=O)c1ccc(Cl)c(O)c1,prostate,Rat,Human,0.257303371,0.50624764,1,0.510869565,,,,
Cl[C@H]1[C@H](Cl)[C@@H](Cl)[C@@H](Cl)[C@H](Cl)[C@H]1Cl,CCC[C@H]1C[C@@H](C[NH3+])C[C@H]([C@@H]2CCc3ccccc3C2)C1,kidney,Rat,Human,0.145977011,0.03620116,1,0.365546218,,,,
"C*.O=P(OC1=CC=CC=C1)(OC1=CC=CC=C1)OC1=CC=CC=C1 |c:6,8,14,16,22,24,t:4,12,20,lp:2:2,4:2,11:2,18:2,m:1:6.7.8|",O=C1N[C@@H](c2cccc(Oc3ccccc3)c2)c2ccccc2O1,kidney,Rat,Human,0.492156863,0.109507166,1,0.365546218,,,,
NC1=CC2=C(C=CC=C2)C=C1,CCc1n[nH]c(C)c1C(=O)Nc1cccc(Cl)c1,kidney,Rat,Human,0.254929577,0.001881076,1,0.365546218,,,,
CCN(CC)C1=CC=C(C=O)C(O)=C1,CCn1ncc(CS(C)(=O)=O)c1-c1ccc2c(c1)O[C@@H](C)O2,kidney,Rat,Human,0.278571429,0.325372219,1,0.365546218,,,,
COC1=CC2=C(C=C1OC)[C@H]1[C@@H](CO2)OC2=C(C=CC3=C2C[C@@H](O3)C(C)=C)C1=O,COc1cccc([C@H]2C=C(C[NH3+])Oc3ccc(OC)cc32)c1,kidney,Rat,Human,0.328813559,0.072079442,1,0.365546218,,,,
C[C@H]1CCCC(=O)CCC\C=C\C2=C(C(O)=CC(O)=C2)C(=O)O1,NC1=CCc2csc(C(=O)N3CCOCC3)c2C1,kidney,Rat,Human,0.237254902,0.389200002,1,0.365546218,,,,
CCCCC(CC)COC(=O)C1=CC=C(O)C=C1,CCC[C@](C)(C#N)CNC1=NNCC(C#N)=C1,prostate,Rat,Human,0.214942529,0.536925852,1,0.510869565,,,,
Cl.CCN(CC1=CC=CN=C1)C(=O)C1=CC=CC(Cl)=C1[C@]1(C)C(=O)N(CC2=C(OC)C=C(OC)C=C2)C2=CC=C(Cl)C=C12,O=C1C[C@@H]2C=CC=C[C@@H]2N1Cc1cc(F)cc(OC(F)F)c1,kidney,Rat,Human,0.23125,0.042865291,1,0.365546218,,,,
CSC1=NC(NC(C)C)=NC(NC(C)C)=N1,CSc1nnc(S[C@H](C)C(=O)N[C@@H](C)c2ccc3c(c2)CCCC3)s1,brain,Rat,Human,0.263265306,0.734480143,1,0.944444444,,,,
"C*.O=P(OC1=CC=CC=C1)(OC1=CC=CC=C1)OC1=CC=CC=C1 |c:6,8,14,16,22,24,t:4,12,20,lp:2:2,4:2,11:2,18:2,m:1:6.7.8|",O=C1N[C@@H](c2cccc(Oc3ccccc3)c2)c2ccccc2O1,kidney,Rat,Human,0.492156863,0.109507166,1,0.365546218,,,,
ClC1=CC=CC=C1NC1=NC(Cl)=NC(Cl)=N1,Cc1cc(NC(=O)[C@H]2Cc3cccc(F)c3O2)ccc1N,brain,Rat,Human,0.242857143,0.479496449,1,0.944444444,,,,
Cl.CN1C(=O)C=C(OC2=C(F)C=C(F)C=C2)C2=C1N=C(NCC(C)(C)O)N=C2,COC(=O)c1cc(SC)cc2cc([C@H]3C[C@H]3C)[nH]c12,kidney,Rat,Human,0.233928571,0.238946483,1,0.365546218,,,,
CS([O-])(=O)=O.CN(C[C@@H](CC[N+]12CCC(CC1)(CC2)C1CCCCC1)C1=CC(Cl)=C(Cl)C=C1)C(=O)C1=CC(=CC(=C1)C(F)(F)F)C(F)(F)F,CN1CCN(C(=O)c2ccc(Cl)c(S(=O)(=O)N3CCOCC3)c2)CC1,kidney,Rat,Human,0.28128655,0.022421626,1,0.365546218,,,,
[H][C@@]12CC[C@H](O)[C@@]1(C)CC[C@@]1([H])[C@@]2([H])CC[C@@]2([H])CC(=O)CC[C@]12C,CCN[C@H]1c2ccccc2C[C@@H]1C(=O)N1CCCCC[C@H]1C,prostate,Rat,Human,0.240186916,0.401416779,1,0.510869565,,,,
CSC1=NC(NC(C)C)=NC(NC(C)C)=N1,CSc1nnc(S[C@H](C)C(=O)N[C@@H](C)c2ccc3c(c2)CCCC3)s1,brain,Rat,Human,0.263265306,0.734480143,1,0.944444444,,,,
CCCCOC(=O)C1=CC=C(O)C=C1,O=C(Nc1ccc(O)cc1)c1ccsc1,kidney,Rat,Human,0.422580645,0.369765103,1,0.365546218,,,,
COP(=S)(OC)SCN1C(=O)C2=C(C=CC=C2)C1=O,CC(C)[C@@H](O)[C@@H]1CCN(c2ccc(Cl)nn2)C1,kidney,Rat,Human,0.2,0.015448089,1,0.365546218,,,,
CC(C)(C1=CC=C(O)C=C1)C1=CC=C(O)C=C1,O=C(Nc1ccc(O)cc1)c1ccsc1,kidney,Rat,Human,0.404347826,0.369765103,1,0.365546218,,,,
ClC1=CC=C(C=C1)C(=O)C1=CC=CC=C1,O=C(c1ccccc1)[C@@H]1CCN(C(=O)COc2cccc3ccccc23)C1,kidney,Rat,Human,0.426086957,0.038894262,1,0.365546218,,,,
OC1=C(CC2=CC=CC=C2)C=C(Cl)C=C1,Cc1ccccc1CS(=O)(=O)CCC[NH3+],prostate,Rat,Human,0.3,0.281935036,1,0.510869565,,,,
ClC(Cl)(Cl)SN1C(=O)C2CC=CCC2C1=O,CCCNC(=O)c1cc(Br)cc2cccnc12,brain,Rat,Human,0.158139535,0.309096128,1,0.944444444,,,,
[Cl-].CCCCCCCCCCCCCC[P+](CCCC)(CCCC)CCCC,CCCCc1nnc(NC(=O)N2CC[C@H](C)C2)s1,kidney,Rat,Human,0.175,0.010950196,1,0.365546218,,,,
CCCCCCCCC(=O)NCC1=CC(OC)=C(O)C=C1,Cc1csc(C)c1CNC(=O)CCC[NH+]1CCOCC1,kidney,Rat,Human,0.334042553,0.019435691,1,0.365546218,,,,
CCCC[Sn](CCCC)(CCCC)OC(=O)C1=CC=CC=C1,CCOC(=O)[C@@H](C)N1CCO[C@@H](C#N)[C@H]1C,prostate,Rat,Human,0.19375,0.421228528,1,0.510869565,,,,
CS([O-])(=O)=O.CN(C[C@@H](CC[N+]12CCC(CC1)(CC2)C1CCCCC1)C1=CC(Cl)=C(Cl)C=C1)C(=O)C1=CC(=CC(=C1)C(F)(F)F)C(F)(F)F,CN1CCN(C(=O)c2ccc(Cl)c(S(=O)(=O)N3CCOCC3)c2)CC1,kidney,Rat,Human,0.28128655,0.022421626,1,0.365546218,,,,
Cl.OC1=CC=C(C=C1)C1=C(C(=O)C2=CC=C(OCCN3CCCCC3)C=C2)C2=CC=C(O)C=C2S1,N#Cc1ccc(Oc2ccccc2NC(=O)CN2CCc3ccccc32)cc1,kidney,Rat,Human,0.355172414,0.029904505,1,0.365546218,,,,
CCCCC(CC)COC(=O)C1=CC=C(O)C=C1,CCC[C@](C)(C#N)CNC1=NNCC(C#N)=C1,prostate,Rat,Human,0.214942529,0.536925733,1,0.510869565,,,,
O=C(C(=O)C1=CC=CC=C1)C1=CC=CC=C1,CN(Cc1cccc2ccccc12)C(=O)[C@@H]1CC[C@@H]2NC(=O)CN2C1,kidney,Rat,Human,0.329166667,0.054375723,1,0.365546218,,,,
CCCCCCCCOC(=O)C1=CC(O)=C(O)C(O)=C1,CCCCC(=O)N1CC[C@@H](C)C[C@@H]1c1ccc(C)s1,kidney,Rat,Human,0.261290323,0.019088961,1,0.365546218,,,,
OC1=C(OC2=CC=C(Cl)C=C2Cl)C=CC(Cl)=C1,CC[NH+]1C[C@H](Cl)N(C)C[C@@H]1Oc1ccc(Cl)cc1Cl,prostate,Rat,Human,0.402631579,0.434694916,1,0.510869565,,,,
CC(C)=CC1C(C(=O)OC2CC(=O)C(CC#C)=C2C)C1(C)C,CO[C@@H]1Cc2cc(C(=O)N[C@H](C)[C@@H]3CC=CC(=O)C3)c(Cl)cc21,kidney,Rat,Human,0.250943396,0.200344294,1,0.365546218,,,,
CC(C)N(C(=O)CCl)C1=CC=CC=C1,Cc1cc(CN(C)c2ccc(Cl)cc2)cnc1O,kidney,Rat,Human,0.289189189,0.056737956,1,0.365546218,,,,
CCC(C)N(C)C(=O)C1=CC2=C(C=CC=C2)C(=N1)C1=CC=CC=C1Cl,CN(Cc1ccc(Cl)nc1)C(=O)Nc1cccc2ccccc12,kidney,Rat,Human,0.473737374,0.042555053,1,0.365546218,,,,
O=C(CC1=CC=CC=C1)C1=CC=CC=C1,CN(Cc1cccc2ccccc12)C(=O)[C@@H]1CC[C@@H]2NC(=O)CN2C1,kidney,Rat,Human,0.334042553,0.054375723,1,0.365546218,,,,
Cl.COC1=CC=CC(=C1)C1=C(Cl)C=C(\C=C/CN2CCCCCC2)C=C1,COc1cccc([C@H]2CCCN2C(=O)c2cccc3c2OCCO3)c1,kidney,Rat,Human,0.4125,0.015163876,1,0.365546218,,,,
CC(C)(C1=CC=CC=C1)C1=CC=C(O)C=C1,O=C(Nc1ccc(O)cc1)c1ccsc1,kidney,Rat,Human,0.413432836,0.369765103,1,0.365546218,,,,
Cl.Cl.CC1=C(N)C=CC(=C1)C1=CC(C)=C(N)C=C1,Cc1cc(C)c(NC(=O)Cn2ccc3ncccc32)c(C#N)c1C,kidney,Rat,Human,0.32826087,0.038465507,1,0.365546218,,,,
CCCCOCCOP(=O)(OCCOCCCC)OCCOCCCC,CCCCc1nnc(NC(=O)N2CC[C@H](C)C2)s1,kidney,Rat,Human,0.186956522,0.010950196,1,0.365546218,,,,
CCCC[Sn](CCCC)(CCCC)OC(=O)C1=CC=CC=C1,CCOC(=O)[C@@H](C)N1CCO[C@@H](C#N)[C@H]1C,prostate,Rat,Human,0.19375,0.421228528,1,0.510869565,,,,
[H][C@@]12CC[C@H](O)[C@@]1(C)CC[C@@]1([H])[C@@]2([H])CC[C@@]2([H])CC(=O)CC[C@]12C,CCN[C@H]1c2ccccc2C[C@@H]1C(=O)N1CCCCC[C@H]1C,prostate,Rat,Human,0.240186916,0.401416779,1,0.510869565,,,,
CCN(CC)C1=CC=C2C(C)=CC(=O)OC2=C1,CCn1ncc(CS(C)(=O)=O)c1-c1ccc2c(c1)O[C@@H](C)O2,prostate,Rat,Human,0.327272727,0.349696755,1,0.510869565,,,,
OC1=CC=C(C=C1)C(C1=CC=C(O)C=C1)C(Cl)(Cl)Cl,O=C(Nc1ccc(O)cc1)c1ccsc1,kidney,Rat,Human,0.383783784,0.369765103,1,0.365546218,,,,
CCCCCCCCOC(=O)C1=CC(O)=C(O)C(O)=C1,CCCCC(=O)N1CC[C@@H](C)C[C@@H]1c1ccc(C)s1,prostate,Rat,Human,0.261290323,0.485208005,1,0.510869565,,,,
C[C@H]1C[C@H](C)C(=O)[C@@H](C1)[C@H](O)CC1CC(=O)NC(=O)C1,C[C@@H]1CC([NH+]2CCC[C@H](n3c(=O)[nH]c4ccccc43)C2)C[C@H](C)C1,kidney,Rat,Human,0.317821782,0.012210478,1,0.365546218,,,,
C[C@H]1C[C@H]2[C@@H]3CC[C@](OC(C)=O)(C(C)=O)[C@@]3(C)CC[C@@H]2[C@@]2(C)CCC(=O)C=C12,CC(=O)[C@H]1CC[C@@H](C)C[C@H]1n1nc(C)nc1C1CCCCC1,prostate,Rat,Human,0.310526316,0.237902045,1,0.510869565,,,,
ClC1=CC=C(C=C1)C(=O)C1=CC=CC=C1,O=C(c1ccccc1)[C@@H]1CCN(C(=O)COc2cccc3ccccc23)C1,kidney,Rat,Human,0.426086957,0.038894262,1,0.365546218,,,,
CC1=CC=C2C(=O)C3=C(C=CC=C3)C(=O)C2=C1N,Cc1cc2c(cc1C)N(CCNC(=O)[C@H]1C[C@H]3CC[C@@H]1O3)CCO2,kidney,Rat,Human,0.191743119,0.14357844,1,0.365546218,,,,
O=C1C=CC(=O)C2=C1C=CC=C2,CC(C)[C@@H](O)[C@@H]1CCN(c2ccc(Cl)nn2)C1,prostate,Rat,Human,0.18,0.403836817,1,0.510869565,,,,
CC1(C)C(C(=O)OC(C#N)C2=CC=CC(OC3=CC=CC=C3)=C2)C1(C)C,O=C1N[C@@H](c2cccc(Oc3ccccc3)c2)c2ccccc2O1,kidney,Rat,Human,0.452380952,0.109507143,1,0.365546218,,,,
ClC1=C(Cl)C(C#N)=C(Cl)C(C#N)=C1Cl,N#Cc1ccccc1[C@@H](Oc1ccccc1Cl)C(=O)N1CCCCC1,prostate,Rat,Human,0.202040816,0.479452372,1,0.510869565,,,,
CCN(CC)C(=O)C1=CC=CC(C)=C1,CCN(CC)C(=O)c1ccc(NS(=O)(=O)c2ccccc2)cc1,kidney,Rat,Human,0.478378378,0.092087865,0,0.365546218,,,,
C[C@H]1C[C@H](C)C(=O)[C@@H](C1)[C@H](O)CC1CC(=O)NC(=O)C1,C[C@@H]1CC([NH+]2CCC[C@H](n3c(=O)[nH]c4ccccc43)C2)C[C@H](C)C1,kidney,Rat,Human,0.317821782,0.012210478,1,0.365546218,,,,
OC(=O)C1=C(O)C2=CC=CC=C2C(O)=C1,O=C(c1ccccc1)[C@@H]1CCN(C(=O)COc2cccc3ccccc23)C1,kidney,Rat,Human,0.3,0.038894262,1,0.365546218,,,,
CCCCCCOC1=CC=C(O)C=C1,CS(=O)(=O)Cc1ccc(N[C@@H]2CCC[C@H]2O)cc1,kidney,Rat,Human,0.268831169,0.304327726,1,0.365546218,,,,
CC1=C(C2=C(C=CC=C2)N1CCCCC(O)=O)C1=CN=CC=C1,O=C(CCc1cccc(F)c1)N[C@@H]1CCc2cc(Cl)ccc21,kidney,Rat,Human,0.305607477,0.159329489,1,0.365546218,,,,
CCNC1=NC(SC)=NC(NC(C)(C)C)=N1,Cc1cc(CN2CCN(C(=O)[C@@H]3CC[C@H](C)O[C@H]3C)CC2)on1,kidney,Rat,Human,0.169306931,0.068587266,1,0.365546218,,,,
OC1=C(OC2=CC=C(Cl)C=C2Cl)C=CC(Cl)=C1,CC[NH+]1C[C@H](Cl)N(C)C[C@@H]1Oc1ccc(Cl)cc1Cl,kidney,Rat,Human,0.402631579,0.018169394,1,0.365546218,,,,
N#CSCSC1=NC2=CC=CC=C2S1,Cc1[nH]c(C(=O)N[C@H](C)C#N)nc1Sc1ccccc1,kidney,Rat,Human,0.343589744,0.021858329,1,0.365546218,,,,
C[C@H]1CCCC(=O)CCC\C=C\C2=C(C(O)=CC(O)=C2)C(=O)O1,NC1=CCc2csc(C(=O)N3CCOCC3)c2C1,kidney,Rat,Human,0.237254902,0.389200002,1,0.365546218,,,,
[Na+].COC1=CC2=C(SC(C(=O)NC3=NN=N[N-]3)=C2OC(C)C)C=C1,COc1cc(C)sc1C(=O)N[C@@H](C)c1cccc(C)c1,kidney,Rat,Human,0.387234043,0.071586981,1,0.365546218,,,,
CN(C)C(=O)NC1=CC=CC(=C1)C(F)(F)F,O=C(Nc1cccc(C(F)(F)F)c1)C1CCCCC1,kidney,Rat,Human,0.607936508,0.050776128,0,0.365546218,,,,
NC1=C(Cl)C=C(C=C1)[N+]([O-])=O,CCNS(=O)(=O)c1cc(NC(=O)C2CCCC2)cc(C)c1Cl,kidney,Rat,Human,0.2125,0.025408799,1,0.365546218,,,,
NC1=CC2=C(C=CC=C2)C=C1,CCc1n[nH]c(C)c1C(=O)Nc1cccc(Cl)c1,kidney,Rat,Human,0.254929577,0.001881076,1,0.365546218,,,,
CCCCOC(=O)C1=CC=C(O)C=C1,O=C(Nc1ccc(O)cc1)c1ccsc1,kidney,Rat,Human,0.422580645,0.369765043,1,0.365546218,,,,
O=P(OC1=CC=CC=C1)(OC1=CC=CC=C1)OC1=CC=CC=C1,O=C1N[C@@H](c2cccc(Oc3ccccc3)c2)c2ccccc2O1,kidney,Rat,Human,0.504040404,0.109507166,1,0.365546218,,,,
CCC1=C(OCC(O)=O)C=CC(SCC2=C(CN3CCN(CC3)C3=CC=C(OC)C=C3)N=C(S2)C2=CC=C(C=C2)C(F)(F)F)=C1,COc1ccc(NC(=O)[C@H]2CCN(C(C)=O)[C@@H](C)C2)cc1,kidney,Rat,Human,0.27721519,0.010823619,1,0.365546218,,,,
O=C1C=CC(=O)C2=C1C=CC=C2,CC(C)[C@@H](O)[C@@H]1CCN(c2ccc(Cl)nn2)C1,prostate,Rat,Human,0.18,0.403836817,1,0.510869565,,,,
COC1=CC(=CC=C1N)C1=CC(OC)=C(N)C=C1,COc1ccc([C@@H](O)Cn2nc(C)cc2C)c(Cl)c1,kidney,Rat,Human,0.314285714,0.047674686,1,0.365546218,,,,
C[C@H]1CCCC(=O)CCC\C=C\C2=C(C(O)=CC(O)=C2)C(=O)O1,NC1=CCc2csc(C(=O)N3CCOCC3)c2C1,kidney,Rat,Human,0.237254902,0.389200002,1,0.365546218,,,,
CC1=CC(=CC=C1O)C(C)(C)C1=CC(C)=C(O)C=C1,Cc1cc(C)c(NC(=O)Cn2ccc3ncccc32)c(C#N)c1C,prostate,Rat,Human,0.329166667,0.654417634,1,0.510869565,,,,
CC\C(=C(\CC)C1=CC=C(O)C=C1)C1=CC=C(O)C=C1,CCNC(=O)c1ccc2c(c1)CCCN2C(=O)c1ccc(-c2ccccc2)cc1,prostate,Rat,Human,0.372727273,0.402722865,1,0.510869565,,,,
OC1=CC=C(C=C1)C(=O)OCC1=CC=CC=C1,O=C(c1ccccc1)[C@@H]1CCN(C(=O)COc2cccc3ccccc23)C1,kidney,Rat,Human,0.406122449,0.038894262,1,0.365546218,,,,
CCCOC(=O)C1=CC(O)=C(O)C(O)=C1,CC1=C(CO)[C@@H](c2cccc(C)c2)CC(=O)N1,brain,Rat,Human,0.244736842,0.144067109,1,0.944444444,,,,
CCC(COC(=O)C=C)(COC(=O)C=C)COC(=O)C=C,C=CCN(CC)C(=O)[C@H]1CCN(C(=O)C=C)[C@H](C)C1,kidney,Rat,Human,0.288888889,0.005453882,1,0.365546218,,,,
CC(C)NC(=O)N1CC(=O)N(C1=O)C1=CC(Cl)=CC(Cl)=C1,CC(C)C(=O)N[C@H]1CCC[C@@H]1Cc1cc(Cl)ccc1Cl,brain,Rat,Human,0.347191011,0.305078298,1,0.944444444,,,,
CCOC(=O)CCC(=O)OCC,CCOC(=O)n1ncc(NC(=O)c2ccc(C)cc2)c1OC,prostate,Rat,Human,0.292307692,0.434881747,1,0.510869565,,,,
C[C@H]1CCCC(=O)CCC\C=C\C2=C(C(O)=CC(O)=C2)C(=O)O1,NC1=CCc2csc(C(=O)N3CCOCC3)c2C1,kidney,Rat,Human,0.237254902,0.389200002,1,0.365546218,,,,
CCN(CC)C(=O)C(C)OC1=C2C=CC=CC2=CC=C1,C[NH2+][C@H](CC(=O)[O-])c1cccc2ccccc12,kidney,Rat,Human,0.544444444,0.030622125,1,0.365546218,,,,
CCCCCCCCCC1=CC=C(O)C=C1,Clc1ccc(C[NH+]2CCCC[C@H]2C[NH+]2CCCCC2)cc1,prostate,Rat,Human,0.261290323,0.442085326,1,0.510869565,,,,
NC1=CC2=C(C=CC=C2)C=C1,CCc1n[nH]c(C)c1C(=O)Nc1cccc(Cl)c1,kidney,Rat,Human,0.254929577,0.001881076,1,0.365546218,,,,
[Na+].NC1=C(\N=N\C2=CC=CC=C2C(F)(F)F)C2=C(C=C1)C=C(C=C2O)S([O-])(=O)=O,C[C@H]1OCC(=O)N1c1ccc(S(=O)(=O)Nc2ccccc2F)cc1,kidney,Rat,Human,0.34137931,0.044197802,1,0.365546218,,,,
COC1=CC2=C(C=CC(=O)O2)C(OC)=C1,COc1cccc(Cn2c(=O)oc3ccc(OC[C@@H]4CCCO4)cc32)c1,kidney,Rat,Human,0.368817204,0.071882308,1,0.365546218,,,,
OC(C1=CC=C(Cl)C=C1)(C1=CN=CN=C1)C1=CC=CC=C1Cl,O=C(Nc1ccnn1Cc1ccc(Cl)cc1)[C@H]1COc2ccccc2O1,kidney,Rat,Human,0.399065421,0.03506083,1,0.365546218,,,,
C[C@]1(O)CC[C@H]2[C@@H]3CCC4=CC(=O)CC[C@]4(C)[C@H]3CC[C@]12C,CC(=O)[C@H]1CC[C@@H](C)C[C@H]1n1nc(C)nc1C1CCCCC1,prostate,Rat,Human,0.294174757,0.237902075,1,0.510869565,,,,
OC1=CC2=C(C=CC=C2)C2=CC=CC=C12,C[NH2+][C@H](CC(=O)[O-])c1cccc2ccccc12,prostate,Rat,Human,0.433333333,0.464921236,1,0.510869565,,,,
CCC1=C(OCC(O)=O)C=CC(SCC2=C(CN3CCN(CC3)C3=CC=C(OC)C=C3)N=C(S2)C2=CC=C(C=C2)C(F)(F)F)=C1,COc1ccc(NC(=O)[C@H]2CCN(C(C)=O)[C@@H](C)C2)cc1,prostate,Rat,Human,0.27721519,0.443710417,1,0.510869565,,,,
OC1=CC2=C(C=CC=C2)C2=CC=CC=C12,C[NH2+][C@H](CC(=O)[O-])c1cccc2ccccc12,prostate,Rat,Human,0.433333333,0.464921236,1,0.510869565,,,,
CC(C)(C1=CC=C(OCC2CO2)C=C1)C1=CC=C(OCC2CO2)C=C1,COc1ccc(OC(=O)c2cnc(N3CC[C@H](O)C3)cn2)cc1,kidney,Rat,Human,0.334234234,0.106136471,1,0.365546218,,,,
ClC1=C(Cl)C(C#N)=C(Cl)C(C#N)=C1Cl,N#Cc1ccccc1[C@@H](Oc1ccccc1Cl)C(=O)N1CCCCC1,prostate,Rat,Human,0.202040816,0.479452372,1,0.510869565,,,,
CC1=C(CCOC2=CC=C(C[C@H](NC3=C(C=CC=C3)C(=O)C3=CC=CC=C3)C(O)=O)C=C2)N=C(O1)C1=CC=CC=C1,Cc1oc(Cc2ccccc2)cc1CNC(=O)[C@H]1CCOC1,brain,Rat,Human,0.296078431,0.527241826,1,0.944444444,,,,
OC1=C(CC2=CC=CC=C2)C=C(Cl)C=C1,Cc1ccccc1CS(=O)(=O)CCC[NH3+],prostate,Rat,Human,0.3,0.281935096,1,0.510869565,,,,
CC1(C)N(Br)C(=O)N(Br)C1=O,CC[C@@](C)(NC(=O)CC1=Cc2ccccc2OC1)c1ccc(Br)c(Br)c1,brain,Rat,Human,0.175268817,0.210044637,1,0.944444444,,,,
CCCCC\C=C/C\C=C/CCCCCCCC(=O)OC,CCC[C@H](CC)c1csc(NC(=O)C2=CC=CCC2)n1,kidney,Rat,Human,0.193457944,0.223001927,1,0.365546218,,,,
[Cl-].CN(C)C1=CC=C(C=C1)C(C1=CC=C(C=C1)N(C)C)=C1C=CC(C=C1)=[N+](C)C,O[C@H](CNc1nnc(-c2ccco2)s1)c1ccccc1,brain,Rat,Human,0.22195122,0.731851399,1,0.944444444,,,,
CCOC(=O)CCN(SN(C)C(=O)OC1=CC=CC2=C1OC(C)(C)C2)C(C)C,COC(=O)C1=CCN(CC(=O)NCCO)c2ccccc21,kidney,Rat,Human,0.284210526,0.00909144,1,0.365546218,,,,
COC1=CC2=C(C=C1)[C@H]1CC[C@@]3(C)[C@@H](CC[C@@]3(O)C#C)[C@@H]1CC2,Cc1ccc(C(=O)N[C@@H]2CCCC2(C)C)cc1C,prostate,Rat,Human,0.3,0.428214014,1,0.510869565,,,,
Cl.COC1=CC=CC(=C1)C1=C(Cl)C=C(\C=C/CN2CCCCCC2)C=C1,COc1cccc([C@H]2CCCN2C(=O)c2cccc3c2OCCO3)c1,kidney,Rat,Human,0.4125,0.015163876,1,0.365546218,,,,
OS(=O)(=O)C(F)(F)C(F)(F)C(F)(F)C(F)(F)C(F)(F)C(F)(F)C(F)(F)C(F)(F)F,CC(C)c1ncc(C(=O)N(C)Cc2ccc(F)cc2F)[nH]1,prostate,Rat,Human,0.124793388,0.482077867,1,0.510869565,,,,
FC(F)(F)C1=C(Br)C(C#N)=C(N1)C1=CC=C(Cl)C=C1,COc1ccc(N2C[C@@H](C(=O)[O-])[C@@H](C(=O)N[C@H]3CCOc4ccccc43)C2)cn1,kidney,Rat,Human,0.198360656,0.079117753,1,0.365546218,,,,
CCC(C)(C1=CC=C(O)C=C1)C1=CC=C(O)C=C1,O=C(Nc1ccc(O)cc1)c1ccsc1,prostate,Rat,Human,0.391666667,0.266345203,1,0.510869565,,,,
OC1=C(CC2=CC=CC=C2)C=C(Cl)C=C1,Cc1ccccc1CS(=O)(=O)CCC[NH3+],kidney,Rat,Human,0.3,0.028309088,1,0.365546218,,,,
CN(C)[C@H]1[C@@H]2[C@@H](O)[C@H]3C(=C(O)[C@]2(O)C(=O)C(C(N)=O)=C1O)C(=O)C1=C(C=CC=C1O)[C@@]3(C)O,CC1=C(CO)[C@@H](c2cccc(C)c2)CC(=O)N1,prostate,Rat,Human,0.256521739,0.450148642,1,0.510869565,,,,
[Cl-].CCCCCCCCCCCCCCCC[N+](C)(C)CC1=CC=CC=C1,CC(=O)[C@H](CCc1ccccc1)N1CCC[N@@H+](C(C)(C)C)CC1,kidney,Rat,Human,0.286440678,0.01445158,1,0.365546218,,,,
CC(C)COC(=O)C1=C(C=CC=C1)C(=O)OCC(C)C,CC(C)CC(=O)Nc1ccccc1CN1CCCC(C)(C)C1,kidney,Rat,Human,0.377777778,0.046850748,1,0.365546218,,,,
CC(C)(C1=CC=CC=C1)C1=CC=C(O)C=C1,O=C(Nc1ccc(O)cc1)c1ccsc1,prostate,Rat,Human,0.413432836,0.266345203,1,0.510869565,,,,
OC1=CC=C(C=C1)C(=O)OCC1=CC=CC=C1,O=C(c1ccccc1)[C@@H]1CCN(C(=O)COc2cccc3ccccc23)C1,kidney,Rat,Human,0.406122449,0.038894262,1,0.365546218,,,,
CC(C)=CC1C(C(=O)OCC2=COC(CC3=CC=CC=C3)=C2)C1(C)C,Cn1nc(Br)cc1NC(=O)Cc1ccco1,prostate,Rat,Human,0.28556701,0.431331784,1,0.510869565,,,,
OCCC1=CC=C(NC2=CC=C(O)C3=C2C(=O)C2=C(C=CC(O)=C2C3=O)[N+]([O-])=O)C=C1,Cc1ccc(NC(=O)c2cc3ccccc3[nH]c2=O)cc1C,kidney,Rat,Human,0.303252033,0.011092929,1,0.365546218,,,,
CCC(COC(=O)C=C)(COC(=O)C=C)COC(=O)C=C,C=CCN(CC)C(=O)[C@H]1CCN(C(=O)C=C)[C@H](C)C1,kidney,Rat,Human,0.288888889,0.005453879,1,0.365546218,,,,
OC(=O)CC(O)(CC(O)=O)C(O)=O.CCN(CC)CCOC1=CC=C(C=C1)C(=C(Cl)C1=CC=CC=C1)C1=CC=CC=C1,O[C@H](CNc1nnc(-c2ccco2)s1)c1ccccc1,prostate,Rat,Human,0.258940397,0.476062834,1,0.510869565,,,,
OC1=C(OC2=CC=C(Cl)C=C2Cl)C=CC(Cl)=C1,CC[NH+]1C[C@H](Cl)N(C)C[C@@H]1Oc1ccc(Cl)cc1Cl,prostate,Rat,Human,0.402631579,0.434694886,1,0.510869565,,,,
CCC(=C(C1=CC=C(O)C=C1)C1=CC=C(OCCN(C)C)C=C1)C1=CC=CC=C1,O[C@H](CNc1nnc(-c2ccco2)s1)c1ccccc1,kidney,Rat,Human,0.293277311,0.004675529,1,0.365546218,,,,
OC1=C(CC2=CC=CC=C2)C=C(Cl)C=C1,Cc1ccccc1CS(=O)(=O)CCC[NH3+],kidney,Rat,Human,0.3,0.028309088,1,0.365546218,,,,
CC1=C(CCOC2=CC=CC3=C2C=CN3CCC(O)=O)N=C(O1)C1=CC=CC=C1,Cc1oc(Cc2ccccc2)cc1CNC(=O)[C@H]1CCOC1,kidney,Rat,Human,0.333333333,0.061460435,1,0.365546218,,,,
CC1=CC=C(C(=C1)[N+]([O-])=O)[N+]([O-])=O,Cc1cc(F)ccc1NC(=O)[C@H]1C[C@H]1c1ccc(Cl)cc1,kidney,Rat,Human,0.248148148,0.063798606,1,0.365546218,,,,
C\C(\C=C\C1=C(C)CCCC1(C)C)=C/C=C/C(/C)=C/C(O)=O,CCc1nc(C[NH+](C)CC2CCCCC2)n(-c2ncccn2)n1,kidney,Rat,Human,0.16779661,0.012595506,1,0.365546218,,,,
CCCCNS(=O)(=O)C1=CC=C(C)C=C1,CCCc1nnc(NC(=O)C2CCN(S(=O)(=O)c3ccccc3)CC2)s1,kidney,Rat,Human,0.310526316,0.018232465,1,0.365546218,,,,
CCCCCCCCCC1=CC=C(O)C=C1,Clc1ccc(C[NH+]2CCCC[C@H]2C[NH+]2CCCCC2)cc1,prostate,Rat,Human,0.261290323,0.442085326,1,0.510869565,,,,
"[Na+].CCCCCCCCCCCC*.[O-]S(=O)(=O)C1=CC=CC=C1 |c:18,20,t:16,lp:14:3,16:2,17:2,m:13:21.22.23|",CCN(CC)C(=O)c1ccc(NS(=O)(=O)c2ccccc2)cc1,kidney,Rat,Human,0.352427184,0.09208791,0,0.365546218,,,,
CCC1=C(OCC(O)=O)C=CC(SCC2=C(CN3CCN(CC3)C3=CC=C(OC)C=C3)N=C(S2)C2=CC=C(C=C2)C(F)(F)F)=C1,COc1ccc(NC(=O)[C@H]2CCN(C(C)=O)[C@@H](C)C2)cc1,prostate,Rat,Human,0.27721519,0.443710417,1,0.510869565,,,,
CCC(COC(=O)C=C)(COC(=O)C=C)COC(=O)C=C,C=CCN(CC)C(=O)[C@H]1CCN(C(=O)C=C)[C@H](C)C1,kidney,Rat,Human,0.288888889,0.005453879,1,0.365546218,,,,
CSC1=CC=C(OC2=CC=C(C=C2CN(C)C)S(N)(=O)=O)C=C1C,COc1ccc(CCC(=O)Nc2cccc(C(=O)N3CCCCCC3)c2)cc1F,brain,Rat,Human,0.293548387,0.522984147,1,0.944444444,,,,
N#CC1=CC=C(C=C1)C(N1C=NC=N1)C1=CC=C(C=C1)C#N,O=S(=O)(Nc1cccc(CN2CCOCC2)c1)C1CCCC1,kidney,Rat,Human,0.175630252,0.029630641,1,0.365546218,,,,
CN(C)C(=O)NC1=CC=CC(=C1)C(F)(F)F,O=C(Nc1cccc(C(F)(F)F)c1)C1CCCCC1,kidney,Rat,Human,0.607936508,0.050776128,0,0.365546218,,,,
OC1=CC=C(C=C1)C(=O)OCC1=CC=CC=C1,O=C(c1ccccc1)[C@@H]1CCN(C(=O)COc2cccc3ccccc23)C1,kidney,Rat,Human,0.406122449,0.038894262,1,0.365546218,,,,
[H][C@@]12CC[C@@](O)(C#C)[C@@]1(C)CC[C@]1([H])C3=C(CC[C@@]21[H])C=C(O)C=C3,Cc1ncc(Cl)c(C2(O)Cc3ccccc3C2)n1,prostate,Rat,Human,0.253061224,0.460215837,1,0.510869565,,,,
CCCCCCCCOC(=O)C1=CC(O)=C(O)C(O)=C1,CCCCC(=O)N1CC[C@@H](C)C[C@@H]1c1ccc(C)s1,kidney,Rat,Human,0.261290323,0.019088969,1,0.365546218,,,,
C[C@H]1CCCC(=O)CCC\C=C\C2=C(C(O)=CC(O)=C2)C(=O)O1,NC1=CCc2csc(C(=O)N3CCOCC3)c2C1,kidney,Rat,Human,0.237254902,0.389200002,1,0.365546218,,,,
Cl.COC1=CC=CC(=C1)C1=C(Cl)C=C(\C=C/CN2CCCCCC2)C=C1,COc1cccc([C@H]2CCCN2C(=O)c2cccc3c2OCCO3)c1,kidney,Rat,Human,0.4125,0.015163876,1,0.365546218,,,,
CCCCC\C=C/C\C=C/CCCCCCCC(O)=O,Cc1csc(C)c1CNC(=O)CCC[NH+]1CCOCC1,kidney,Rat,Human,0.196153846,0.019435698,1,0.365546218,,,,
"C*.O=P(OC1=CC=CC=C1)(OC1=CC=CC=C1)OC1=CC=CC=C1 |c:6,8,14,16,22,24,t:4,12,20,lp:2:2,4:2,11:2,18:2,m:1:6.7.8|",O=C1N[C@@H](c2cccc(Oc3ccccc3)c2)c2ccccc2O1,kidney,Rat,Human,0.492156863,0.109507166,1,0.365546218,,,,
CCN(CC)C1=CC=C(C=O)C(O)=C1,CCn1ncc(CS(C)(=O)=O)c1-c1ccc2c(c1)O[C@@H](C)O2,kidney,Rat,Human,0.278571429,0.325372219,1,0.365546218,,,,
CCN(CC)CCNC1=C2C(=O)C3=C(SC2=C(CNC=O)C=C1)C=CC(OC)=C3,Cc1nn(C)cc1CNC(=O)[C@H]1C[C@@H](C)Cc2cc(O)ccc21,kidney,Rat,Human,0.258730159,0.172292605,1,0.365546218,,,,
CCOC(=O)\C=C(/C)\C=C\C[C@@H](C)CCCC(C)C,CC(C)CCC(=O)NNC(=O)NCC(C)C,kidney,Rat,Human,0.356756757,0.002927717,1,0.365546218,,,,
CC1(CCCCC1)C(=O)NC1=C(Cl)C(Cl)=C(O)C=C1,CN(C(=O)C1CCC(Sc2ccccc2)CC1)C1CCCCC1,kidney,Rat,Human,0.278217822,0.027699593,1,0.365546218,,,,
[Cl-].CCCCCCCC[N+](C)(CCCCCCCC)CCCCCCCC,CCCCc1nnc(NC(=O)N2CC[C@H](C)C2)s1,kidney,Rat,Human,0.176923077,0.010950196,1,0.365546218,,,,
[Na+].[Na+].CC1=CC=C(C=C1)S(=O)(=O)OC1=CC=C(C=C1)N=NC1=C(C)C=C(C=C1)C1=CC=C(N=NC2=C(O)C=CC3=CC(=CC(=C23)S([O-])(=O)=O)S([O-])(=O)=O)C(C)=C1,COc1cccc(N(CC(=O)[O-])S(=O)(=O)c2ccc(C)cc2)c1,kidney,Rat,Human,0.314689266,0.060508627,1,0.365546218,,,,
CC1=C2C=CC=CC2=C(C)C2=C3C=CC=CC3=CC=C12,COc1cc(F)cc(CN(C)[C@H](c2ccncc2)C(F)F)c1,kidney,Rat,Human,0.244230769,0.013431635,1,0.365546218,,,,
NC1=CC=C(C=C1)\N=N\C1=CC=CC=C1,Cc1ccccc1CS(=O)(=O)CCC[NH3+],kidney,Rat,Human,0.264383562,0.028309088,1,0.365546218,,,,
CCCCNS(=O)(=O)C1=CC=C(C)C=C1,CCCc1nnc(NC(=O)C2CCN(S(=O)(=O)c3ccccc3)CC2)s1,kidney,Rat,Human,0.310526316,0.018232465,1,0.365546218,,,,
CC(C)(O)C(=O)NC1=CC(=C(C=C1)[N+]([O-])=O)C(F)(F)F,Cc1nc(N)sc1COC(=O)c1ccc(Cl)c(O)c1,prostate,Rat,Human,0.257303371,0.50624764,1,0.510869565,,,,
[Na+].[Na+].[O-]S(=O)(=O)C1=CC=CC=C1C=CC1=CC=C(C=C1)C1=CC=C(C=CC2=CC=CC=C2S([O-])(=O)=O)C=C1,O=S(=O)(Cc1ccccc1)N1CCc2ccccc21,kidney,Rat,Human,0.323076923,0.094515443,1,0.365546218,,,,
Cl.CN(C)C1=CC=C(C=C1)C(=N)C1=CC=C(C=C1)N(C)C,CC[C@@H]([NH3+])c1ccc(NC(=O)[C@H]2CNC(=S)CO2)cc1,kidney,Rat,Human,0.231313131,0.026981659,1,0.365546218,,,,
COP(=S)(OC)SCN1N=NC2=C(C=CC=C2)C1=O,CC[C@H](C)Sc1nncn1-c1ccccc1C,brain,Rat,Human,0.3625,0.540000916,1,0.944444444,,,,
CCC(=O)NC1=CC=C(Cl)C(Cl)=C1,Cc1ccc(C)c(Cl)c1,kidney,Rat,Human,0.382608696,0.017518442,1,0.365546218,,,,
[Cl-].CCCCCCCCCCCCCC[P+](CCCC)(CCCC)CCCC,CCCCc1nnc(NC(=O)N2CC[C@H](C)C2)s1,kidney,Rat,Human,0.175,0.010950196,1,0.365546218,,,,
CC1(C)NC(=O)N(C1=O)C1=CC(=C(C=C1)[N+]([O-])=O)C(F)(F)F,Cc1ccc(Cl)c(C(=O)c2cccc(NC(=O)[C@H](C)S)c2)c1,prostate,Rat,Human,0.247058824,0.458197236,1,0.510869565,,,,
OC1=C(CC2=CC=CC=C2)C=C(Cl)C=C1,Cc1ccccc1CS(=O)(=O)CCC[NH3+],kidney,Rat,Human,0.3,0.028309088,1,0.365546218,,,,
NC1=C(Cl)C=C(C=C1)[N+]([O-])=O,CCNS(=O)(=O)c1cc(NC(=O)C2CCCC2)cc(C)c1Cl,kidney,Rat,Human,0.2125,0.025408799,1,0.365546218,,,,
[Cl-].CCCCCCCC[N+](C)(CCCCCCCC)CCCCCCCC,CCCCc1nnc(NC(=O)N2CC[C@H](C)C2)s1,kidney,Rat,Human,0.176923077,0.010950196,1,0.365546218,,,,
NC1=C(Cl)C=C(C=C1)[N+]([O-])=O,CCNS(=O)(=O)c1cc(NC(=O)C2CCCC2)cc(C)c1Cl,kidney,Rat,Human,0.2125,0.025408799,1,0.365546218,,,,
C[C@H]1C[C@H](C)C(=O)[C@@H](C1)[C@H](O)CC1CC(=O)NC(=O)C1,C[C@@H]1CC([NH+]2CCC[C@H](n3c(=O)[nH]c4ccccc43)C2)C[C@H](C)C1,kidney,Rat,Human,0.317821782,0.012210478,1,0.365546218,,,,
CCC(C)N(C)C(=O)C1=CC2=C(C=CC=C2)C(=N1)C1=CC=CC=C1Cl,CN(Cc1ccc(Cl)nc1)C(=O)Nc1cccc2ccccc12,kidney,Rat,Human,0.473737374,0.042555053,1,0.365546218,,,,
CCCC[Sn](Cl)(CCCC)CCCC,CCc1nn(C)cc1C[NH2+]C[C@](C)(O)c1ccc(Cl)cc1,prostate,Rat,Human,0.190909091,0.463461667,1,0.510869565,,,,
C[C@H]1C[C@H](C)C(=O)[C@@H](C1)[C@H](O)CC1CC(=O)NC(=O)C1,C[C@@H]1CC([NH+]2CCC[C@H](n3c(=O)[nH]c4ccccc43)C2)C[C@H](C)C1,kidney,Rat,Human,0.317821782,0.012210478,1,0.365546218,,,,
NC1=CC=C(C=C1)\N=N\C1=CC=CC=C1,Cc1ccccc1CS(=O)(=O)CCC[NH3+],kidney,Rat,Human,0.264383562,0.028309088,1,0.365546218,,,,
CS(=O)(=O)C1=CC=C(C=C1Cl)[C@@H](CC1CCCC1)C(=O)NC1=NC=CN=C1,O=C(CCC(=O)OC1CCCCC1)Nc1nc2ccccc2s1,prostate,Rat,Human,0.343478261,0.590496898,1,0.510869565,,,,
OC1=CC=C(C=C1)C(C1=CC=C(O)C=C1)C(Cl)(Cl)Cl,O=C(Nc1ccc(O)cc1)c1ccsc1,kidney,Rat,Human,0.383783784,0.369765103,1,0.365546218,,,,
CCCCOC(=O)C1=CC=C(O)C=C1,O=C(Nc1ccc(O)cc1)c1ccsc1,kidney,Rat,Human,0.422580645,0.369765103,1,0.365546218,,,,
[Na+].[Na+].[O-]S(=O)(=O)C1=CC=CC=C1C=CC1=CC=C(C=C1)C1=CC=C(C=CC2=CC=CC=C2S([O-])(=O)=O)C=C1,O=S(=O)(Cc1ccccc1)N1CCc2ccccc21,kidney,Rat,Human,0.323076923,0.094515465,1,0.365546218,,,,
[H][C@@]12CCC(=O)[C@@]1(C)CC[C@@]1([H])[C@@]2([H])CCC2=CC(=O)CC[C@]12C,CC(=O)[C@H]1CC[C@@H](C)C[C@H]1n1nc(C)nc1C1CCCCC1,prostate,Rat,Human,0.28627451,0.237902045,1,0.510869565,,,,
CC(C)=C[C@@H]1[C@@H](C(=O)O[C@H]2CC(=O)C(CC=C)=C2C)C1(C)C,CO[C@@H]1Cc2cc(C(=O)N[C@H](C)[C@@H]3CC=CC(=O)C3)c(Cl)cc21,kidney,Rat,Human,0.250943396,0.200344309,1,0.365546218,,,,
CCC1=C(OCC(O)=O)C=CC(SCC2=C(CN3CCN(CC3)C3=CC=C(OC)C=C3)N=C(S2)C2=CC=C(C=C2)C(F)(F)F)=C1,COc1ccc(NC(=O)[C@H]2CCN(C(C)=O)[C@@H](C)C2)cc1,kidney,Rat,Human,0.27721519,0.010823619,1,0.365546218,,,,
[H][C@@]12CC[C@H](O)[C@@]1(C)CC[C@@]1([H])[C@@]2([H])CC[C@@]2([H])CC(=O)CC[C@]12C,CCN[C@H]1c2ccccc2C[C@@H]1C(=O)N1CCCCC[C@H]1C,prostate,Rat,Human,0.240186916,0.401416749,1,0.510869565,,,,
CCCOC\C(=N/C1=C(C=C(Cl)C=C1)C(F)(F)F)N1C=CN=C1,Nc1cccnc1C(=O)NCC[C@@H]1CCCc2cc(Cl)ccc21,kidney,Rat,Human,0.303703704,0.157997966,1,0.365546218,,,,
CC(C)(C1=CC=C(O)C=C1)C1=CC=C(O)C=C1,O=C(Nc1ccc(O)cc1)c1ccsc1,prostate,Rat,Human,0.404347826,0.266345203,1,0.510869565,,,,
N#CC1=CC=C(C=C1)C(N1C=NC=N1)C1=CC=C(C=C1)C#N,O=S(=O)(Nc1cccc(CN2CCOCC2)c1)C1CCCC1,kidney,Rat,Human,0.175630252,0.029630641,1,0.365546218,,,,
CCCCC(O)(CN1C=NC=N1)C1=CC=C(Cl)C=C1Cl,CCC(C)(CC)NC(=O)N1CCc2c(cnn2-c2ccc(F)cc2)C1,prostate,Rat,Human,0.266666667,0.431403399,1,0.510869565,,,,
C[C@H]1CCCC(=O)CCC\C=C\C2=C(C(O)=CC(O)=C2)C(=O)O1,NC1=CCc2csc(C(=O)N3CCOCC3)c2C1,kidney,Rat,Human,0.237254902,0.389200002,1,0.365546218,,,,
C[C@]12CC[C@H]3[C@@H](CC=C4C[C@@H](O)CC[C@]34C)[C@@H]1CCC2=O,CC(=O)[C@H]1CC[C@@H](C)C[C@H]1n1nc(C)nc1C1CCCCC1,prostate,Rat,Human,0.298019802,0.237902075,1,0.510869565,,,,
CCCCCCCCOC(=O)C1=CC(O)=C(O)C(O)=C1,CCCCC(=O)N1CC[C@@H](C)C[C@@H]1c1ccc(C)s1,prostate,Rat,Human,0.261290323,0.485208005,1,0.510869565,,,,
CC(C)=CC1C(C(=O)OCC2=COC(CC3=CC=CC=C3)=C2)C1(C)C,Cn1nc(Br)cc1NC(=O)Cc1ccco1,prostate,Rat,Human,0.28556701,0.431331784,1,0.510869565,,,,
O=S(=O)(C1=CC=CC=C1)C1=CC=CC=C1,O=S(=O)(Cc1ccccc1)N1CCc2ccccc21,kidney,Rat,Human,0.541176471,0.094515465,1,0.365546218,,,,
COC1=CC2=C(C=C1OC)[C@H]1[C@@H](CO2)OC2=C(C=CC3=C2C[C@@H](O3)C(C)=C)C1=O,COc1cccc([C@H]2C=C(C[NH3+])Oc3ccc(OC)cc32)c1,kidney,Rat,Human,0.328813559,0.072079442,1,0.365546218,,,,
[Cl-].CCCCCCCC[N+](C)(CCCCCCCC)CCCCCCCC,CCCCc1nnc(NC(=O)N2CC[C@H](C)C2)s1,kidney,Rat,Human,0.176923077,0.010950196,1,0.365546218,,,,
CCC(=C(C1=CC=C(O)C=C1)C1=CC=C(OCCN(C)C)C=C1)C1=CC=CC=C1,O[C@H](CNc1nnc(-c2ccco2)s1)c1ccccc1,kidney,Rat,Human,0.293277311,0.004675532,1,0.365546218,,,,
CC1=CC=C(C=C1)C1=CC(=NN1C1=CC=C(C=C1)S(N)(=O)=O)C(F)(F)F,C[C@H]1OCC(=O)N1c1ccc(S(=O)(=O)Nc2ccccc2F)cc1,kidney,Rat,Human,0.414285714,0.044197802,1,0.365546218,,,,
O=C(C(=O)C1=CC=CC=C1)C1=CC=CC=C1,CN(Cc1cccc2ccccc12)C(=O)[C@@H]1CC[C@@H]2NC(=O)CN2C1,kidney,Rat,Human,0.329166667,0.054375723,1,0.365546218,,,,
CCC(=O)O[C@H]1CC[C@H]2[C@@H]3CCC4=CC(=O)CC[C@]4(C)[C@H]3CC[C@]12C,CC(=O)[C@H]1CC[C@@H](C)C[C@H]1n1nc(C)nc1C1CCCCC1,prostate,Rat,Human,0.322222222,0.237902045,1,0.510869565,,,,
CC1(C)C(C(=O)OC(C#N)C2=CC=CC(OC3=CC=CC=C3)=C2)C1(C)C,O=C1N[C@@H](c2cccc(Oc3ccccc3)c2)c2ccccc2O1,kidney,Rat,Human,0.452380952,0.109507166,1,0.365546218,,,,
OC1=CC=C(C=C1)C(C1=CC=C(O)C=C1)C(Cl)(Cl)Cl,O=C(Nc1ccc(O)cc1)c1ccsc1,kidney,Rat,Human,0.383783784,0.369765043,1,0.365546218,,,,
O.O.O.O.[Na+].[O-]C1=C(C=CC=C1)C1=CC=CC=C1,Cc1ccccc1CS(=O)(=O)CCC[NH3+],prostate,Rat,Human,0.266666667,0.281935096,1,0.510869565,,,,
COC1=CC2=C(C=C1OC)[C@H]1[C@@H](CO2)OC2=C(C=CC3=C2C[C@@H](O3)C(C)=C)C1=O,COc1cccc([C@H]2C=C(C[NH3+])Oc3ccc(OC)cc32)c1,kidney,Rat,Human,0.328813559,0.072079442,1,0.365546218,,,,
COC1=CC2=C(C=CC(=O)O2)C(OC)=C1,COc1cccc(Cn2c(=O)oc3ccc(OC[C@@H]4CCCO4)cc32)c1,kidney,Rat,Human,0.368817204,0.071882308,1,0.365546218,,,,
[Na+].NC1=C(\N=N\C2=CC=CC=C2C(F)(F)F)C2=C(C=C1)C=C(C=C2O)S([O-])(=O)=O,C[C@H]1OCC(=O)N1c1ccc(S(=O)(=O)Nc2ccccc2F)cc1,prostate,Rat,Human,0.34137931,0.418250084,1,0.510869565,,,,
FC(F)C(F)(F)OCC(CN1C=NC=N1)C1=C(Cl)C=C(Cl)C=C1,O=S(=O)(Nc1cccc(CN2CCOCC2)c1)C1CCCC1,kidney,Rat,Human,0.194827586,0.029630641,1,0.365546218,,,,
OC(C1=CC=C(Cl)C=C1)(C1=CN=CN=C1)C1=CC=CC=C1Cl,O=C(Nc1ccnn1Cc1ccc(Cl)cc1)[C@H]1COc2ccccc2O1,kidney,Rat,Human,0.399065421,0.03506083,1,0.365546218,,,,
O=S(=O)(C1=CC=CC=C1)C1=CC=CC=C1,O=S(=O)(Cc1ccccc1)N1CCc2ccccc21,kidney,Rat,Human,0.541176471,0.09451548,1,0.365546218,,,,
O.[K+].NC(=O)C1=NC(=N[N-]1)C1=CC=CC(=C1)C1=CC(F)=CC=C1OCC(F)(F)C(F)(F)F,COc1cc(C#N)c(F)cc1C(=O)Nc1cc(C)ccn1,kidney,Rat,Human,0.283333333,0.026582755,1,0.365546218,,,,
CC\C(=C(\CC)C1=CC=C(O)C=C1)C1=CC=C(O)C=C1,CCNC(=O)c1ccc2c(c1)CCCN2C(=O)c1ccc(-c2ccccc2)cc1,kidney,Rat,Human,0.372727273,0.128685683,1,0.365546218,,,,
CCC1=C(OCC(O)=O)C=CC(SCC2=C(CN3CCN(CC3)C3=CC=C(OC)C=C3)N=C(S2)C2=CC=C(C=C2)C(F)(F)F)=C1,COc1ccc(NC(=O)[C@H]2CCN(C(C)=O)[C@@H](C)C2)cc1,prostate,Rat,Human,0.27721519,0.443710417,1,0.510869565,,,,
[Cl-].CCCCCCCC[N+](C)(CCCCCCCC)CCCCCCCC,CCCCc1nnc(NC(=O)N2CC[C@H](C)C2)s1,kidney,Rat,Human,0.176923077,0.010950196,1,0.365546218,,,,
[Cl-].CCCCCCCCCCCCCC[P+](CCCC)(CCCC)CCCC,CCCCc1nnc(NC(=O)N2CC[C@H](C)C2)s1,kidney,Rat,Human,0.175,0.010950196,1,0.365546218,,,,
[Cl-].CCCCCCCCCCCC[N+](C)(C)C,CCc1nn(C)cc1C[NH2+]C[C@](C)(O)c1ccc(Cl)cc1,brain,Rat,Human,0.172916667,0.859390497,1,0.944444444,,,,
CC(C)(COCC1CO1)COCC1CO1,COCCO[C@H]1C[C@@H](C[NH3+])O[C@@]2(C)[NH2+][C@@H](C)C[C@@H]12,kidney,Rat,Human,0.266666667,0.025126694,1,0.365546218,,,,
OC1=CC(Cl)=C(C=C1)C1=CC=CC=C1,Fc1cc(F)cc([C@@H](NCC2OCCO2)c2ccsc2)c1,prostate,Rat,Human,0.234831461,0.529952407,1,0.510869565,,,,
COC1=C(OC)C=C(C=C1)C(=CC(=O)N1CCOCC1)C1=CC=C(Cl)C=C1,CC(=O)c1ccc(NC(=O)c2ccc([C@@H]3CCCO3)cc2)cc1,brain,Rat,Human,0.388288288,0.43661505,1,0.944444444,,,,
CS([O-])(=O)=O.CN(C[C@@H](CC[N+]12CCC(CC1)(CC2)C1CCCCC1)C1=CC(Cl)=C(Cl)C=C1)C(=O)C1=CC(=CC(=C1)C(F)(F)F)C(F)(F)F,CN1CCN(C(=O)c2ccc(Cl)c(S(=O)(=O)N3CCOCC3)c2)CC1,kidney,Rat,Human,0.28128655,0.022421626,1,0.365546218,,,,
O=P(OC1=CC=CC=C1)(OC1=CC=CC=C1)OC1=CC=CC=C1,O=C1N[C@@H](c2cccc(Oc3ccccc3)c2)c2ccccc2O1,kidney,Rat,Human,0.504040404,0.109507166,1,0.365546218,,,,
C[C@H]1CCCC(=O)CCC\C=C\C2=C(C(O)=CC(O)=C2)C(=O)O1,NC1=CCc2csc(C(=O)N3CCOCC3)c2C1,kidney,Rat,Human,0.237254902,0.389199913,1,0.365546218,,,,
CCCCC(CC)COC(=O)C1=CC=C(O)C=C1,CCC[C@](C)(C#N)CNC1=NNCC(C#N)=C1,prostate,Rat,Human,0.214942529,0.536925852,1,0.510869565,,,,
FC1=CC(Br)=C(C=C1)C(=O)NS(=O)(=O)\C=C\C1=CC=CS1,COc1ccc(NS(=O)(=O)c2ccc(C)cc2F)c(Cl)c1,prostate,Rat,Human,0.33655914,0.428193033,1,0.510869565,,,,
ClC1=CC=C(C=C1)C(C(=O)C1C(=O)C2=C(C=CC=C2)C1=O)C1=CC=CC=C1,O=C1N[C@@H](c2cccc(Oc3ccccc3)c2)c2ccccc2O1,prostate,Rat,Human,0.445454545,0.503232181,1,0.510869565,,,,
CCC(COC(=O)C=C)(COC(=O)C=C)COC(=O)C=C,C=CCN(CC)C(=O)[C@H]1CCN(C(=O)C=C)[C@H](C)C1,kidney,Rat,Human,0.288888889,0.005453879,1,0.365546218,,,,
CC1COC(CN2C=NC=N2)(O1)C1=C(Cl)C=C(OC2=CC=C(Cl)C=C2)C=C1,Clc1ccc(OCc2ccc(NCc3cscn3)cc2)cc1,kidney,Rat,Human,0.388288288,0.058396086,1,0.365546218,,,,
O=C1C=C(OC2=CC=CC=C12)C1=CC=CC=C1,Oc1nc(NCc2nnc3n2CCCCC3)nc2c1CCC2,kidney,Rat,Human,0.145454545,0.085911989,1,0.365546218,,,,
CC1(C)NC(=O)N(C1=O)C1=CC(=C(C=C1)[N+]([O-])=O)C(F)(F)F,Cc1ccc(Cl)c(C(=O)c2cccc(NC(=O)[C@H](C)S)c2)c1,prostate,Rat,Human,0.247058824,0.458197236,1,0.510869565,,,,
CC(C)(C)C1=CSC(=N1)C1=CC2=C(O1)C=CC(OCC1=CC=CC=C1CC(O)=O)=C2,COc1ccc(O)c(NC(=O)c2cnc(Cc3cccc(F)c3)s2)c1,prostate,Rat,Human,0.368292683,0.44187054,1,0.510869565,,,,
[Cl-].CCCCCCCCCCCCCCCCCC[N+](C)(C)CC1=CC=CC=C1,CC(=O)[C@H](CCc1ccccc1)N1CCC[N@@H+](C(C)(C)C)CC1,kidney,Rat,Human,0.277419355,0.01445158,1,0.365546218,,,,
[Cl-].CCCCCCCC[N+](C)(CCCCCCCC)CCCCCCCC,CCCCc1nnc(NC(=O)N2CC[C@H](C)C2)s1,kidney,Rat,Human,0.176923077,0.010950196,1,0.365546218,,,,
CC1(C)C(C(=O)OC(C#N)C2=CC=CC(OC3=CC=CC=C3)=C2)C1(C)C,O=C1N[C@@H](c2cccc(Oc3ccccc3)c2)c2ccccc2O1,kidney,Rat,Human,0.452380952,0.109507166,1,0.365546218,,,,
CN(C(=O)C(C)(C)C1=CC(=CC(=C1)C(F)(F)F)C(F)(F)F)C1=CN=C(C=C1C1=CC=C(F)C=C1C)N1CC[C@@H](O)[C@H]1CO,CC(C)c1ncc(C(=O)N(C)Cc2ccc(F)cc2F)[nH]1,prostate,Rat,Human,0.311267606,0.482077867,1,0.510869565,,,,
OC1=C(CC=C)C=C(C=C1)S(=O)(=O)C1=CC(CC=C)=C(O)C=C1,CCCS(=O)(=O)Nc1ccc(Cn2ccnc2)cc1,prostate,Rat,Human,0.293877551,0.369347781,1,0.510869565,,,,
C[C@H]1CCCC(=O)CCC\C=C\C2=C(C(O)=CC(O)=C2)C(=O)O1,NC1=CCc2csc(C(=O)N3CCOCC3)c2C1,kidney,Rat,Human,0.237254902,0.389200002,1,0.365546218,,,,
Cl.COC1=CC=CC(=C1)C1=C(Cl)C=C(\C=C/CN2CCCCCC2)C=C1,COc1cccc([C@H]2CCCN2C(=O)c2cccc3c2OCCO3)c1,kidney,Rat,Human,0.4125,0.015163876,1,0.365546218,,,,
OCCC1=CC=C(NC2=CC=C(O)C3=C2C(=O)C2=C(C=CC(O)=C2C3=O)[N+]([O-])=O)C=C1,Cc1ccc(NC(=O)c2cc3ccccc3[nH]c2=O)cc1C,kidney,Rat,Human,0.303252033,0.011092929,1,0.365546218,,,,
CC(O)(CS(=O)(=O)C1=CC=C(F)C=C1)C(=O)NC1=CC(=C(C=C1)C#N)C(F)(F)F,N#CC(N)=O,prostate,Rat,Human,0.173170732,0.445979893,1,0.510869565,,,,
CCCCC(CC)COC(=O)C1=CC=C(O)C=C1,CCC[C@](C)(C#N)CNC1=NNCC(C#N)=C1,prostate,Rat,Human,0.214942529,0.536925852,1,0.510869565,,,,
CCN(CC)C1=CC=C(C=O)C(O)=C1,CCn1ncc(CS(C)(=O)=O)c1-c1ccc2c(c1)O[C@@H](C)O2,prostate,Rat,Human,0.278571429,0.349696785,1,0.510869565,,,,
NC1=C(C=C(C=C1)[N+]([O-])=O)C#N,CCNS(=O)(=O)c1cc(NC(=O)C2CCCC2)cc(C)c1Cl,kidney,Rat,Human,0.182352941,0.025408799,1,0.365546218,,,,
O[N+]([O-])=O.ClC1=CC=C(COC(CN2C=CN=C2)C2=C(Cl)C=C(Cl)C=C2)C=C1,Clc1ccc(OCc2ccc(NCc3cscn3)cc2)cc1,prostate,Rat,Human,0.439622642,0.70747304,1,0.510869565,,,,
NC1=CC2=C(C=CC=C2)C=C1,CCc1n[nH]c(C)c1C(=O)Nc1cccc(Cl)c1,kidney,Rat,Human,0.254929577,0.001881075,1,0.365546218,,,,
O.O.O.O.[Na+].[O-]C1=C(C=CC=C1)C1=CC=CC=C1,Cc1ccccc1CS(=O)(=O)CCC[NH3+],prostate,Rat,Human,0.266666667,0.281935096,1,0.510869565,,,,
CC1(CCCCC1)C(=O)NC1=C(Cl)C(Cl)=C(O)C=C1,CN(C(=O)C1CCC(Sc2ccccc2)CC1)C1CCCCC1,kidney,Rat,Human,0.278217822,0.027699593,1,0.365546218,,,,
CCCCCCCCCC1=CC=C(O)C=C1,Clc1ccc(C[NH+]2CCCC[C@H]2C[NH+]2CCCCC2)cc1,prostate,Rat,Human,0.261290323,0.442085326,1,0.510869565,,,,
NC1=CC2=C(C=CC=C2)C=C1,CCc1n[nH]c(C)c1C(=O)Nc1cccc(Cl)c1,kidney,Rat,Human,0.254929577,0.001881075,1,0.365546218,,,,
[Cl-].CN(C)C1=CC=C(C=C1)C(C1=CC=C(C=C1)N(C)C)=C1C=CC(C=C1)=[N+](C)C,O[C@H](CNc1nnc(-c2ccco2)s1)c1ccccc1,kidney,Rat,Human,0.22195122,0.004675532,1,0.365546218,,,,
C[C@H]1CCCC(=O)CCC\C=C\C2=C(C(O)=CC(O)=C2)C(=O)O1,NC1=CCc2csc(C(=O)N3CCOCC3)c2C1,kidney,Rat,Human,0.237254902,0.389199913,1,0.365546218,,,,
Cl.CCN1CCC2(COC3=C2C=C2N(CCC2=C3)C(=O)C2=CC=C(C=C2)C2=CC=C(C=C2C)C2=NN=C(C)O2)CC1,Cc1ccc(N2CCC(=O)CC2)cc1,kidney,Rat,Human,0.262962963,0.095453404,1,0.365546218,,,,
CCCCCC[C@@H](O)C\C=C/CCCCCCCC(O)=O,CCC[C@H](CC)c1csc(NC(=O)C2=CC=CCC2)n1,prostate,Rat,Human,0.204761905,0.452142119,1,0.510869565,,,,
OC1=C(CC2=C(Cl)C(Cl)=CC(Cl)=C2O)C(Cl)=C(Cl)C=C1Cl,CSCC(=O)N[C@@H](C)c1ccc(Cl)cc1Cl,prostate,Rat,Human,0.239534884,0.46190995,1,0.510869565,,,,
[Cl-].CN(C)C1=CC=C(C=C1)C(C1=CC=C(C=C1)N(C)C)=C1C=CC(C=C1)=[N+](C)C,O[C@H](CNc1nnc(-c2ccco2)s1)c1ccccc1,prostate,Rat,Human,0.22195122,0.476062834,1,0.510869565,,,,
O=C(OC1=CC=CC=C1)C1=CC=CC=C1C(=O)OC1=CC=CC=C1,O=C1N[C@@H](c2cccc(Oc3ccccc3)c2)c2ccccc2O1,kidney,Rat,Human,0.51,0.109507166,1,0.365546218,,,,
CCCCOP(=O)(CCCC)OCCCC,CCC[C@H](CC)c1csc(NC(=O)C2=CC=CCC2)n1,kidney,Rat,Human,0.197826087,0.223001972,1,0.365546218,,,,
OC(=O)\C=C/C(O)=O.CN(CCOC1=CC=C(CC2SC(=O)NC2=O)C=C1)C1=CC=CC=N1,COc1ccc(-c2cc(=O)[nH]c(N)n2)cc1,kidney,Rat,Human,0.301754386,0.014039653,1,0.365546218,,,,
CC(C)=CC1C(C(=O)OC2CC(=O)C(CC#C)=C2C)C1(C)C,CO[C@@H]1Cc2cc(C(=O)N[C@H](C)[C@@H]3CC=CC(=O)C3)c(Cl)cc21,kidney,Rat,Human,0.250943396,0.200344309,1,0.365546218,,,,
CC1=C2C=CC=CC2=C(C)C2=C3C=CC=CC3=CC=C12,COc1cc(F)cc(CN(C)[C@H](c2ccncc2)C(F)F)c1,kidney,Rat,Human,0.244230769,0.013431635,1,0.365546218,,,,
CN(C(=O)C(C)(C)C1=CC(=CC(=C1)C(F)(F)F)C(F)(F)F)C1=CN=C(C=C1C1=CC=C(F)C=C1C)N1CC[C@@H](O)[C@H]1CO,CC(C)c1ncc(C(=O)N(C)Cc2ccc(F)cc2F)[nH]1,prostate,Rat,Human,0.311267606,0.482077867,1,0.510869565,,,,
COC1=CC(=CC=C1N)C1=CC(OC)=C(N)C=C1,COc1ccc([C@@H](O)Cn2nc(C)cc2C)c(Cl)c1,kidney,Rat,Human,0.314285714,0.047674697,1,0.365546218,,,,
FC(F)(F)C1=C(Br)C(C#N)=C(N1)C1=CC=C(Cl)C=C1,COc1ccc(N2C[C@@H](C(=O)[O-])[C@@H](C(=O)N[C@H]3CCOc4ccccc43)C2)cn1,kidney,Rat,Human,0.198360656,0.079117753,1,0.365546218,,,,
CCCCOC(=O)C1=CC=C(O)C=C1,O=C(Nc1ccc(O)cc1)c1ccsc1,kidney,Rat,Human,0.422580645,0.369765043,1,0.365546218,,,,
[Na+].[Na+].CC1=CC=C(C=C1)S(=O)(=O)OC1=CC=C(C=C1)N=NC1=C(C)C=C(C=C1)C1=CC=C(N=NC2=C(O)C=CC3=CC(=CC(=C23)S([O-])(=O)=O)S([O-])(=O)=O)C(C)=C1,COc1cccc(N(CC(=O)[O-])S(=O)(=O)c2ccc(C)cc2)c1,kidney,Rat,Human,0.314689266,0.060508627,1,0.365546218,,,,
CCC(=C(C1=CC=C(O)C=C1)C1=CC=C(OCCN(C)C)C=C1)C1=CC=CC=C1,O[C@H](CNc1nnc(-c2ccco2)s1)c1ccccc1,prostate,Rat,Human,0.293277311,0.476062834,1,0.510869565,,,,
COC1=CC2=C(C=CC(=O)O2)C(OC)=C1,COc1cccc(Cn2c(=O)oc3ccc(OC[C@@H]4CCCO4)cc32)c1,kidney,Rat,Human,0.368817204,0.071882308,1,0.365546218,,,,
[Cl-].CCCCCCCCCC[N+](C)(C)CCCCCCCCCC,CCCCc1nnc(NC(=O)N2CC[C@H](C)C2)s1,prostate,Rat,Human,0.183333333,0.439730853,1,0.510869565,,,,
[Na+].COC1=CC=C(C=C1)\N=N\C1=C(OC)C=C(\N=N\C2=CC=C(C=C2)S([O-])(=O)=O)C(C)=C1,COc1cccc(N(CC(=O)[O-])S(=O)(=O)c2ccc(C)cc2)c1,prostate,Rat,Human,0.413043478,0.423974395,1,0.510869565,,,,
CC(C)OC(=O)C1=CC=CC=C1C(=O)OC(C)C,Cc1ccc(O[C@H](C)C(=O)NCC(=O)NC(C)(C)C)cc1,kidney,Rat,Human,0.353012048,0.002544313,1,0.365546218,,,,
"CCCCCCCCCCCC*.OS(=O)(=O)C1=CC=CC=C1 |c:18,20,t:16,lp:13:2,15:2,16:2,m:12:20.21.22|",CCN(CC)C(=O)c1ccc(NS(=O)(=O)c2ccccc2)cc1,kidney,Rat,Human,0.354901961,0.092087887,0,0.365546218,,,,
CC(C)(C1=CC=CC=C1)C1=CC=C(O)C=C1,O=C(Nc1ccc(O)cc1)c1ccsc1,brain,Rat,Human,0.413432836,0.785733879,1,0.944444444,,,,
CCOC(=O)C(O)(C1=CC=C(Cl)C=C1)C1=CC=C(Cl)C=C1,COc1ccc(OC(=O)c2cnc(N3CC[C@H](O)C3)cn2)cc1,kidney,Rat,Human,0.292307692,0.106136471,1,0.365546218,,,,
CCCCOCCOP(=O)(OCCOCCCC)OCCOCCCC,CCCCc1nnc(NC(=O)N2CC[C@H](C)C2)s1,kidney,Rat,Human,0.186956522,0.010950196,1,0.365546218,,,,
[Cl-].CN(C)C1=CC=C(C=C1)C(C1=CC=C(C=C1)N(C)C)=C1C=CC(C=C1)=[N+](C)C,O[C@H](CNc1nnc(-c2ccco2)s1)c1ccccc1,prostate,Rat,Human,0.22195122,0.476062834,1,0.510869565,,,,
N(C1=CC=CC=C1)C1=CC=C2C=CC=CC2=C1,CCc1n[nH]c(C)c1C(=O)Nc1cccc(Cl)c1,kidney,Rat,Human,0.274418605,0.001881075,1,0.365546218,,,,
CC(C)(C1=CC=C(O)C=C1)C1=CC=C(O)C=C1,O=C(Nc1ccc(O)cc1)c1ccsc1,prostate,Rat,Human,0.404347826,0.266345173,1,0.510869565,,,,
CCCCC(O)(CN1C=NC=N1)C1=CC=C(Cl)C=C1Cl,CCC(C)(CC)NC(=O)N1CCc2c(cnn2-c2ccc(F)cc2)C1,prostate,Rat,Human,0.266666667,0.431403399,1,0.510869565,,,,
"CCCCCCCCCCCC*.OS(=O)(=O)C1=CC=CC=C1 |c:18,20,t:16,lp:13:2,15:2,16:2,m:12:20.21.22|",CCN(CC)C(=O)c1ccc(NS(=O)(=O)c2ccccc2)cc1,kidney,Rat,Human,0.354901961,0.092087887,0,0.365546218,,,,
COC1=CC(C=CC)=CC=C1O,Cc1nc(N)sc1COC(=O)c1ccc(Cl)c(O)c1,kidney,Rat,Human,0.297183099,0.024047721,1,0.365546218,,,,
Cl.OC1=CC=C(C=C1)C1=C(C(=O)C2=CC=C(OCCN3CCCCC3)C=C2)C2=CC=C(O)C=C2S1,N#Cc1ccc(Oc2ccccc2NC(=O)CN2CCc3ccccc32)cc1,kidney,Rat,Human,0.355172414,0.029904505,1,0.365546218,,,,
CNS(=O)(=O)C1=C(F)C=C(Cl)C(=C1)C(=O)N1CCC(CCN2C3CCC2CC(C3)N2C(C)=NC3=C2C=CC=C3)(CC1)C1=CC(F)=CC=C1,O=C(N[C@@H]1CCOc2ccccc21)C(=O)NC1(c2cccc(F)c2)CCOCC1,brain,Rat,Human,0.371676301,0.437207967,1,0.944444444,,,,
CCCCOP(=O)(CCCC)OCCCC,CCC[C@H](CC)c1csc(NC(=O)C2=CC=CCC2)n1,kidney,Rat,Human,0.197826087,0.223001972,1,0.365546218,,,,
CCCCC\C=C/C\C=C/CCCCCCCC(=O)OC,CCC[C@H](CC)c1csc(NC(=O)C2=CC=CCC2)n1,prostate,Rat,Human,0.193457944,0.452142149,1,0.510869565,,,,
CCN(CC)C1=CC=C(C=O)C(O)=C1,CCn1ncc(CS(C)(=O)=O)c1-c1ccc2c(c1)O[C@@H](C)O2,prostate,Rat,Human,0.278571429,0.349696755,1,0.510869565,,,,
CC1(CCCCC1)C(=O)NC1=C(Cl)C(Cl)=C(O)C=C1,CN(C(=O)C1CCC(Sc2ccccc2)CC1)C1CCCCC1,kidney,Rat,Human,0.278217822,0.027699593,1,0.365546218,,,,
CCCCC(CC)COC(=O)C1=CC=C(O)C=C1,CCC[C@](C)(C#N)CNC1=NNCC(C#N)=C1,prostate,Rat,Human,0.214942529,0.536925733,1,0.510869565,,,,
CC1=C(CCOC2=CC=C(C[C@H](NC3=C(C=CC=C3)C(=O)C3=CC=CC=C3)C(O)=O)C=C2)N=C(O1)C1=CC=CC=C1,Cc1oc(Cc2ccccc2)cc1CNC(=O)[C@H]1CCOC1,kidney,Rat,Human,0.296078431,0.061460435,1,0.365546218,,,,
CC1=C(C2=C(C=CC=C2)N1CCCCC(O)=O)C1=CN=CC=C1,O=C(CCc1cccc(F)c1)N[C@@H]1CCc2cc(Cl)ccc21,kidney,Rat,Human,0.305607477,0.159329489,1,0.365546218,,,,
CC(C)OC1=CC=CC(NC(=O)C2=C(C)C=CC=C2)=C1,COc1cccc(NC(=O)CCSc2ccccc2)c1,kidney,Rat,Human,0.543037975,0.024520157,1,0.365546218,,,,
COC(=O)C1=C(C=C(CNS(C)(=O)=O)C=C1)S(=O)(=O)NC(=O)NC1=NC(OC)=CC(OC)=N1,COc1cc(C)sc1C(=O)N[C@@H](C)c1cccc(C)c1,brain,Rat,Human,0.3,0.578676403,1,0.944444444,,,,
[Cl-].CCCCCCCC[N+](C)(CCCCCCCC)CCCCCCCC,CCCCc1nnc(NC(=O)N2CC[C@H](C)C2)s1,kidney,Rat,Human,0.176923077,0.010950196,1,0.365546218,,,,
OC1=C(CC2=CC=CC=C2)C=C(Cl)C=C1,Cc1ccccc1CS(=O)(=O)CCC[NH3+],prostate,Rat,Human,0.3,0.281935036,1,0.510869565,,,,
CC1=C2C=CC=CC2=C(C)C2=C3C=CC=CC3=CC=C12,COc1cc(F)cc(CN(C)[C@H](c2ccncc2)C(F)F)c1,kidney,Rat,Human,0.244230769,0.013431635,1,0.365546218,,,,
Cl.CCCCC1=C(C(=O)C2=CC(I)=C(OCCN(CC)CC)C(I)=C2)C2=C(O1)C=CC=C2,CCCNC(=O)Cc1ccc(C)c2n[nH]c(C)c12,prostate,Rat,Human,0.269491525,0.431337208,1,0.510869565,,,,
CCOP(=S)(OCC)SCN1C(=O)OC2=CC(Cl)=CC=C12,O=C(Cn1ccccc1=O)N1CCC[C@@H]1c1cccc(Cl)c1,kidney,Rat,Human,0.263461538,0.027903149,1,0.365546218,,,,
OCCC1=CC=C(NC2=CC=C(O)C3=C2C(=O)C2=C(C=CC(O)=C2C3=O)[N+]([O-])=O)C=C1,Cc1ccc(NC(=O)c2cc3ccccc3[nH]c2=O)cc1C,kidney,Rat,Human,0.303252033,0.011092929,1,0.365546218,,,,
C[C@H]1C[C@H](C)C(=O)[C@@H](C1)[C@H](O)CC1CC(=O)NC(=O)C1,C[C@@H]1CC([NH+]2CCC[C@H](n3c(=O)[nH]c4ccccc43)C2)C[C@H](C)C1,kidney,Rat,Human,0.317821782,0.012210478,1,0.365546218,,,,
C[C@H]1CCCC(=O)CCC\C=C\C2=C(C(O)=CC(O)=C2)C(=O)O1,NC1=CCc2csc(C(=O)N3CCOCC3)c2C1,kidney,Rat,Human,0.237254902,0.389200002,1,0.365546218,,,,
OC(=O)\C=C/C(O)=O.CN(CCOC1=CC=C(CC2SC(=O)NC2=O)C=C1)C1=CC=CC=N1,COc1ccc(-c2cc(=O)[nH]c(N)n2)cc1,kidney,Rat,Human,0.301754386,0.014039661,1,0.365546218,,,,
OC(C1=CC=C(Cl)C=C1)(C1=CN=CN=C1)C1=CC=CC=C1Cl,O=C(Nc1ccnn1Cc1ccc(Cl)cc1)[C@H]1COc2ccccc2O1,kidney,Rat,Human,0.399065421,0.03506083,1,0.365546218,,,,
OC(=O)\C=C/C(O)=O.CN(CCOC1=CC=C(CC2SC(=O)NC2=O)C=C1)C1=CC=CC=N1,COc1ccc(-c2cc(=O)[nH]c(N)n2)cc1,kidney,Rat,Human,0.301754386,0.014039653,1,0.365546218,,,,
CCOC(=O)\C=C(/C)\C=C\C[C@@H](C)CCCC(C)C,CC(C)CCC(=O)NNC(=O)NCC(C)C,kidney,Rat,Human,0.356756757,0.002927717,1,0.365546218,,,,
CCCCOP(=O)(CCCC)OCCCC,CCC[C@H](CC)c1csc(NC(=O)C2=CC=CCC2)n1,kidney,Rat,Human,0.197826087,0.223001972,1,0.365546218,,,,
CC(C)(C)C1=CC=C(OC2CCCCC2OS(=O)OCC#C)C=C1,COc1ccc(OCNC(=O)c2cc(N)ccc2OC)cc1,kidney,Rat,Human,0.283486239,0.012298306,1,0.365546218,,,,
CCC(=C(C1=CC=C(O)C=C1)C1=CC=C(OCCN(C)C)C=C1)C1=CC=CC=C1,O[C@H](CNc1nnc(-c2ccco2)s1)c1ccccc1,kidney,Rat,Human,0.293277311,0.004675532,1,0.365546218,,,,
CCCN(CCC)C1=C(C=C(C=C1[N+]([O-])=O)C(F)(F)F)[N+]([O-])=O,C[C@@H](c1ccccc1F)S(=O)(=O)Cc1ccccc1F,kidney,Rat,Human,0.216504854,0.106423937,1,0.365546218,,,,
CCCCOC(=O)C1=CC=C(O)C=C1,O=C(Nc1ccc(O)cc1)c1ccsc1,kidney,Rat,Human,0.422580645,0.369765103,1,0.365546218,,,,
CS([O-])(=O)=O.CN(C[C@@H](CC[N+]12CCC(CC1)(CC2)C1CCCCC1)C1=CC(Cl)=C(Cl)C=C1)C(=O)C1=CC(=CC(=C1)C(F)(F)F)C(F)(F)F,CN1CCN(C(=O)c2ccc(Cl)c(S(=O)(=O)N3CCOCC3)c2)CC1,kidney,Rat,Human,0.28128655,0.022421626,1,0.365546218,,,,
CCCCC(CC)COP(O)(=O)OCC(CC)CCCC,CCC[C@](C)(C#N)CNC1=NNCC(C#N)=C1,prostate,Rat,Human,0.172164948,0.536925733,1,0.510869565,,,,
CCCCN(CCCC)C(=O)N(CCCC)CCCC,CCC[C@H](CC)c1csc(NC(=O)C2=CC=CCC2)n1,kidney,Rat,Human,0.208910891,0.223001927,1,0.365546218,,,,
Cl[C@H]1[C@H](Cl)[C@@H](Cl)[C@@H](Cl)[C@H](Cl)[C@H]1Cl,CCC[C@H]1C[C@@H](C[NH3+])C[C@H]([C@@H]2CCc3ccccc3C2)C1,kidney,Rat,Human,0.145977011,0.03620116,1,0.365546218,,,,
[Ca++].CC(C)C1=C(C(=O)NC2=CC=CC=C2)C(=C(N1CC[C@@H](O)C[C@@H](O)CC([O-])=O)C1=CC=C(F)C=C1)C1=CC=CC=C1.CC(C)C1=C(C(=O)NC2=CC=CC=C2)C(=C(N1CC[C@@H](O)C[C@@H](O)CC([O-])=O)C1=CC=C(F)C=C1)C1=CC=CC=C1,O=C(NC[C@H](O)c1ccccc1)c1ccc(-c2ccccc2)[nH]c1=O,kidney,Rat,Human,0.288235294,0.012631436,1,0.365546218,,,,
BrCC(Br)COP(=O)(OCC(Br)CBr)OCC(Br)CBr,COC[C@@H](O)CC[C@@H](C)c1ccc(F)cc1,kidney,Rat,Human,0.177777778,0.045398928,1,0.365546218,,,,
O=C(CC1=CC=CC=C1)C1=CC=CC=C1,CN(Cc1cccc2ccccc12)C(=O)[C@@H]1CC[C@@H]2NC(=O)CN2C1,kidney,Rat,Human,0.334042553,0.054375723,1,0.365546218,,,,
CC1=C(CCOC2=CC=C(C[C@H](NC3=C(C=CC=C3)C(=O)C3=CC=CC=C3)C(O)=O)C=C2)N=C(O1)C1=CC=CC=C1,Cc1oc(Cc2ccccc2)cc1CNC(=O)[C@H]1CCOC1,prostate,Rat,Human,0.296078431,0.477364868,1,0.510869565,,,,
CC(C)OC(=O)C1=CC=CC=C1C(=O)OC(C)C,Cc1ccc(O[C@H](C)C(=O)NCC(=O)NC(C)(C)C)cc1,kidney,Rat,Human,0.353012048,0.002544312,1,0.365546218,,,,
Cl.CN1C(=O)C=C(OC2=C(F)C=C(F)C=C2)C2=C1N=C(NCC(C)(C)O)N=C2,COC(=O)c1cc(SC)cc2cc([C@H]3C[C@H]3C)[nH]c12,kidney,Rat,Human,0.233928571,0.238946527,1,0.365546218,,,,
CN(C)C1=CC2=C(C=C1)C(C)=CC(=O)O2,Cc1ccc(NC(=O)c2cnc(Cl)cn2)c(N)c1,kidney,Rat,Human,0.297368421,0.266526252,1,0.365546218,,,,
OC(=O)C1=C(O)C2=CC=CC=C2C(O)=C1,O=C(c1ccccc1)[C@@H]1CCN(C(=O)COc2cccc3ccccc23)C1,kidney,Rat,Human,0.3,0.038894262,1,0.365546218,,,,
CCOC(=O)C1=NN(C2=C(Cl)C=C(Cl)C=C2)C(C)(C1)C(=O)OCC,CCOC(=O)n1ncc(NC(=O)c2ccc(C)cc2)c1OC,kidney,Rat,Human,0.372727273,0.011423259,1,0.365546218,,,,
C[C@H]1CCCC(=O)CCC\C=C\C2=C(C(O)=CC(O)=C2)C(=O)O1,NC1=CCc2csc(C(=O)N3CCOCC3)c2C1,kidney,Rat,Human,0.237254902,0.389200002,1,0.365546218,,,,
CCCCCC1=CC=C(O)C=C1,Clc1ccc(C[NH+]2CCCC[C@H]2C[NH+]2CCCCC2)cc1,kidney,Rat,Human,0.285185185,0.034970392,1,0.365546218,,,,
NC1=CC=C(C=C1)\N=N\C1=CC=CC=C1,Cc1ccccc1CS(=O)(=O)CCC[NH3+],kidney,Rat,Human,0.264383562,0.028309088,1,0.365546218,,,,
COC1=C(CN[C@H]2CCCN[C@H]2C2=CC=CC=C2)C=C(OC(F)(F)F)C=C1,COc1ccccc1C[NH+]1CCNc2cc3c(cc2C1)CCO3,brain,Rat,Human,0.371929825,0.722577035,1,0.944444444,,,,
NC1=C(Cl)C=C(C=C1)[N+]([O-])=O,CCNS(=O)(=O)c1cc(NC(=O)C2CCCC2)cc(C)c1Cl,kidney,Rat,Human,0.2125,0.025408799,1,0.365546218,,,,
CC(C)(C)C1=CC=C(OC2CCCCC2OS(=O)OCC#C)C=C1,COc1ccc(OCNC(=O)c2cc(N)ccc2OC)cc1,kidney,Rat,Human,0.283486239,0.012298306,1,0.365546218,,,,
[Na+].CCCCC(CC)COC(=O)CC(C(=O)OCC(CC)CCCC)S([O-])(=O)=O,CCC(CC)(NC(=O)CSc1ccccn1)C(=O)NC1CCCC1,prostate,Rat,Human,0.199236641,0.434336483,1,0.510869565,,,,
OC1=C(CC2=CC=CC=C2)C=C(Cl)C=C1,Cc1ccccc1CS(=O)(=O)CCC[NH3+],kidney,Rat,Human,0.3,0.028309088,1,0.365546218,,,,
COCC(C)N(C(=O)CCl)C1=C(C)SC=C1C,CCOc1cc(CNC(=O)[C@H]2C[C@H]3CC[C@@H]2O3)ccc1C,kidney,Rat,Human,0.253846154,0.074881919,1,0.365546218,,,,
CCNC1=NC(N)=NC(Cl)=N1,Cc1cc(NC(=O)[C@H]2Cc3cccc(F)c3O2)ccc1N,prostate,Rat,Human,0.185365854,0.45995298,1,0.510869565,,,,
OC1=CC=C(C=C1)C(=O)OCC1=CC=CC=C1,O=C(c1ccccc1)[C@@H]1CCN(C(=O)COc2cccc3ccccc23)C1,kidney,Rat,Human,0.406122449,0.03889427,1,0.365546218,,,,
OC1=CC=C(C=C1)C1=COC2=C(C=CC(O)=C2)C1=O,O=C(Nc1ccc(O)cc1)c1ccsc1,kidney,Rat,Human,0.393333333,0.369765103,1,0.365546218,,,,
CCNP(=S)(OC)O\C(C)=C\C(=O)OC(C)C,Cc1ccc(O[C@H](C)C(=O)NCC(=O)NC(C)(C)C)cc1,kidney,Rat,Human,0.262790698,0.002544312,1,0.365546218,,,,
Cl[C@H]1[C@H](Cl)[C@@H](Cl)[C@@H](Cl)[C@H](Cl)[C@H]1Cl,CCC[C@H]1C[C@@H](C[NH3+])C[C@H]([C@@H]2CCc3ccccc3C2)C1,kidney,Rat,Human,0.145977011,0.03620116,1,0.365546218,,,,
CC(C)(C)CC(C)(C)C1=CC=C(O)C=C1,Cc1ccc(C[NH2+]C[C@@H]2[C@H](c3nccc(C)n3)OCCN2S(C)(=O)=O)c(C)c1,prostate,Rat,Human,0.23592233,0.443203568,1,0.510869565,,,,
[H][C@@]12C[C@@]3([H])C(=C(O)[C@]1(O)C(=O)C(C(N)=O)=C(O)[C@H]2N(C)C)C(=O)C1=C(C=CC=C1O)[C@@]3(C)O,CC(=O)[C@H]1CC[C@@H](C)C[C@H]1n1nc(C)nc1C1CCCCC1,prostate,Rat,Human,0.197744361,0.237902045,1,0.510869565,,,,
C[C@H]1CCCC(=O)CCC\C=C\C2=C(C(O)=CC(O)=C2)C(=O)O1,NC1=CCc2csc(C(=O)N3CCOCC3)c2C1,kidney,Rat,Human,0.237254902,0.389200002,1,0.365546218,,,,
CCCCCCCCOC(=O)C1=CC(O)=C(O)C(O)=C1,CCCCC(=O)N1CC[C@@H](C)C[C@@H]1c1ccc(C)s1,kidney,Rat,Human,0.261290323,0.019088961,1,0.365546218,,,,
NC1=C(Cl)C=C(C=C1)[N+]([O-])=O,CCNS(=O)(=O)c1cc(NC(=O)C2CCCC2)cc(C)c1Cl,kidney,Rat,Human,0.2125,0.025408799,1,0.365546218,,,,
N#CC1=CC=C(C=C1)C(N1C=NC=N1)C1=CC=C(C=C1)C#N,O=S(=O)(Nc1cccc(CN2CCOCC2)c1)C1CCCC1,kidney,Rat,Human,0.175630252,0.029630641,1,0.365546218,,,,
OC1=C(OC2=CC=C(Cl)C=C2Cl)C=CC(Cl)=C1,CC[NH+]1C[C@H](Cl)N(C)C[C@@H]1Oc1ccc(Cl)cc1Cl,prostate,Rat,Human,0.402631579,0.434694886,1,0.510869565,,,,
OS(=O)(=O)C(F)(F)C(F)(F)C(F)(F)C(F)(F)C(F)(F)C(F)(F)C(F)(F)C(F)(F)F,CC(C)c1ncc(C(=O)N(C)Cc2ccc(F)cc2F)[nH]1,prostate,Rat,Human,0.124793388,0.482077867,1,0.510869565,,,,
CCCCC(CN1C=NC=N1)(C#N)C1=CC=C(Cl)C=C1,CCC(C)(CC)NC(=O)N1CCc2c(cnn2-c2ccc(F)cc2)C1,kidney,Rat,Human,0.275925926,0.072088532,1,0.365546218,,,,
CC1(CCCCC1)C(=O)NC1=C(Cl)C(Cl)=C(O)C=C1,CN(C(=O)C1CCC(Sc2ccccc2)CC1)C1CCCCC1,kidney,Rat,Human,0.278217822,0.027699593,1,0.365546218,,,,
N(C1=CC=CC=C1)C1=CC=C2C=CC=CC2=C1,CCc1n[nH]c(C)c1C(=O)Nc1cccc(Cl)c1,kidney,Rat,Human,0.274418605,0.001881075,1,0.365546218,,,,
C\C=C\C(=C)C1=C(C)CCCC1(C)C,CCc1nc(C[NH+](C)CC2CCCCC2)n(-c2ncccn2)n1,kidney,Rat,Human,0.183333333,0.012595506,1,0.365546218,,,,
