Source_Mol,Optimized_Mol,Tissue,Source_Organism,Optimized_Organism,Tanimoto_Similarity,Tissue_Activity,Diversity,,,,Tanimoto_Similarity,Tissue_Activity
OC1=CC=C(C=C1)C1=COC2=C(C=CC(O)=C2)C1=O,OC1=CC=C(C=C1)C1=COC2=C(C(O)=CC(O)=C2)C1=O,kidney,Rat,Human,0.666666667,0.924857855,0.69874477,,,brain,0.383156075,0.77691365
CN(C)C(=O)NC1=CC=C(OC2=CC=C(Cl)C=C2)C=C1,OC(=O)C(F)(F)F.COC1=CC(C2=C(Cl)C=C(Cl)C=C2)=CC=C1,kidney,Rat,Human,0.274725275,0.094888113,0.69874477,,,prostate,0.358540226,0.644179571
OC(=O)CC1=CC(I)=C(OC2=CC(I)=C(O)C=C2)C(I)=C1,OC1=CC(I)=C(O)C(Br)=C1,prostate,Rat,Human,0.202898551,0.999500394,0.891304348,,,kidney,0.337559498,0.648213619
CCC(COC(=O)C=C)(COC(=O)C=C)COC(=O)C=C,C=CC(=O)OCCN1C(=O)N(CCOC(=O)C=C)C(=O)N(CCOC(=O)C=C)C1=O,kidney,Rat,Human,0.412371134,0.017385641,0.69874477,,,,,
CNC(=O)OC1=CC(C)=C(SC)C(C)=C1,CC1=NC(=CS1)C(C)(C)C1=CC=C(C=C1)C(C)(C)C,kidney,Rat,Human,0.1375,0.392029345,0.69874477,,,,,
OC1=CC=C(C=C1)C1(OC(=O)C2=C1C=CC=C2)C1=CC=C(O)C=C1,OC1=CC=C(C=C1)C1(CC2=C1C=CC=C2)C1=CC=C(O)C=C1,brain,Rat,Human,0.6625,0.858011186,1,,,,,
COC(OC)(C(=O)C1=CC=CC=C1)C1=CC=CC=C1,CC(C)(OOC(C)(C)C1=CC=CC=C1)C1=CC=CC=C1,kidney,Rat,Human,0.486486486,0.44581309,0.69874477,,,,,
Cl.CN1C(=O)C=C(OC2=C(F)C=C(F)C=C2)C2=C1N=C(NCC(C)(C)O)N=C2,CS(O)(=O)=O.CC(C)(C)C1=CC(\C=C2/SC(=N)NC2=O)=CC(=C1O)C(C)(C)C,kidney,Rat,Human,0.16,0.953298986,0.69874477,,,,,
"C*.O=P(OC1=CC=CC=C1)(OC1=CC=CC=C1)OC1=CC=CC=C1 |c:6,8,14,16,22,24,t:4,12,20,lp:2:2,4:2,11:2,18:2,m:1:6.7.8|",CC(=O)O[Sn](C1=CC=CC=C1)(C1=CC=CC=C1)C1=CC=CC=C1,kidney,Rat,Human,0.483870968,0.999604404,0.69874477,,,,,
CC(C)(C)C1=CC=C(OC2CCCCC2OS(=O)OCC#C)C=C1,COC1=CC2=C(C=C1)[C@H]1CC[C@@]3(C)[C@@H](CC[C@@]3(O)C#C)[C@@H]1CC2,kidney,Rat,Human,0.211009174,0.707252085,0.69874477,,,,,
[Cl-].CCCCCCCCCCCCCCCCCC[N+](C)(C)CC1=CC=CC=C1,[Cl-].[Cl-].[Hg++],kidney,Rat,Human,0.011904762,0.999368131,0.69874477,,,,,
OC(=O)COC1=C(Cl)C=C(Cl)C(Cl)=N1,ClC1=NC(C#N)=C(Cl)C(Cl)=C1Cl,kidney,Rat,Human,0.236363636,0.922912598,0.69874477,,,,,
COC1=C(NNC(=O)OC(C)C)C=C(C=C1)C1=CC=CC=C1,CCCN(CCC)C(=O)C1=CC=C(C=C1)C(O)(C)C,kidney,Rat,Human,0.164948454,0.183268383,0.69874477,,,,,
[Na+].CCOC1=CC(=CC=C1)N1C=C(N=C1C1=CC=C(C)C=C1)C(=O)N1CCN(CC1)C1=CC2=CC=CC=C2C(=C1)C([O-])=O,OS(O)(=O)=O.CC1=CC(CCN2CCN(CC2)C2=NSC3=CC=CC=C23)=CC2=C1NC(=O)OCC2(C)C,prostate,Rat,Human,0.244444444,0.4802486,0.891304348,,,,,
CC1=NC(NC2=CC=CC=C2)=NC(=C1)C1CC1,Cl.Cl.CN1CCC(CC1)NC1=NC2=C(NC3=CC(Cl)=C(F)C=C3)N=CN=C2C=N1,kidney,Rat,Human,0.240384615,0.668230653,0.69874477,,,,,
OC1=CC=C(C=C1)C(C1=CC=C(O)C=C1)(C(F)(F)F)C(F)(F)F,CC1(C)CNC(NC1)=NN=C(\C=C\C1=CC=C(C=C1)C(F)(F)F)/C=C/C1=CC=C(C=C1)C(F)(F)F,kidney,Rat,Human,0.338983051,0.931098282,0.69874477,,,,,
CC(C)(C1=CC=CC=C1)C1=CC=C(O)C=C1,CC(C)(C1=CC=CC=C1)C1=CC(=C(O)C=C1)C(C)(C)C1=CC=CC=C1,kidney,Rat,Human,0.533333333,0.417362362,0.69874477,,,,,
O=C1C=C(OC2=CC=CC=C12)C1=CC=CC=C1,O=C1C=C(OC2=C1C1=C(C=CC=C1)C=C2)C1=CC=CC=C1,kidney,Rat,Human,0.696969697,0.411567032,0.69874477,,,,,
[Na+].CCCCC(CC)COC(=O)CC(C(=O)OCC(CC)CCCC)S([O-])(=O)=O,CCCCC(CC)COC(=O)C1=C(C=CC=C1)C(=O)OCC(CC)CCC,kidney,Rat,Human,0.480392157,0.231488705,0.69874477,,,,,
OC1=CC=C(C=C1)C(=O)OC1=CC=CC=C1,OC1=CC=C(C=C1)C(=O)C1=CC=C(O)C(O)=C1O,kidney,Rat,Human,0.397058824,0.951031864,0.69874477,,,,,
COP(=S)(OC)OC1=CC=C(C(C)=C1)[N+]([O-])=O,COCC(=O)N(C(C)C)C1=C(C=C(C)C=C1)[N+]([O-])=O,prostate,Rat,Human,0.319444444,0.475241631,0.891304348,,,,,
CC\C(=C(\CC)C1=CC=C(O)C=C1)C1=CC=C(O)C=C1,OC1=C(CC2=CC=C(O)C=C2)C=CC=C1,prostate,Rat,Human,0.375,0.828145742,0.891304348,,,,,
O=C(C(=O)C1=CC=CC=C1)C1=CC=CC=C1,C(=C(C1=CC=CC=C1)C1=CC=CC=C1)C1=CC=CC=C1,kidney,Rat,Human,0.492957746,0.642936647,0.69874477,,,,,
"C*.O=P(OC1=CC=CC=C1)(OC1=CC=CC=C1)OC1=CC=CC=C1 |c:6,8,14,16,22,24,t:4,12,20,lp:2:2,4:2,11:2,18:2,m:1:6.7.8|",CC(=O)O[Sn](C1=CC=CC=C1)(C1=CC=CC=C1)C1=CC=CC=C1,kidney,Rat,Human,0.483870968,0.999604404,0.69874477,,,,,
CC(C)(O)C(=O)NC1=CC(=C(C=C1)[N+]([O-])=O)C(F)(F)F,[O-][N+](=O)C1=CC(=C(Cl)C(=C1NC1=C(Cl)C=C(C=N1)C(F)(F)F)[N+]([O-])=O)C(F)(F)F,prostate,Rat,Human,0.285714286,0.744264841,0.891304348,,,,,
Cl[C@H]1[C@H](Cl)[C@@H](Cl)[C@@H](Cl)[C@H](Cl)[C@H]1Cl,ClC12C(=O)C3(Cl)C4(Cl)C1(Cl)C1(Cl)C2(Cl)C3(Cl)C4(Cl)C1(Cl)Cl,kidney,Rat,Human,0.078947368,0.655655742,0.69874477,,,,,
"C*.O=P(OC1=CC=CC=C1)(OC1=CC=CC=C1)OC1=CC=CC=C1 |c:6,8,14,16,22,24,t:4,12,20,lp:2:2,4:2,11:2,18:2,m:1:6.7.8|",CC(=O)O[Sn](C1=CC=CC=C1)(C1=CC=CC=C1)C1=CC=CC=C1,kidney,Rat,Human,0.483870968,0.999604404,0.69874477,,,,,
NC1=CC2=C(C=CC=C2)C=C1,N=C1NC(=N)C2=CC=C1C=C1C=CC=C1C2,kidney,Rat,Human,0.164179104,0.841330945,0.69874477,,,,,
CCN(CC)C1=CC=C(C=O)C(O)=C1,CCCC(C)(C)C1=CC(O)=C(C=C1O)C(C)(C)CC,kidney,Rat,Human,0.208333333,0.227454364,0.69874477,,,,,
COC1=CC2=C(C=C1OC)[C@H]1[C@@H](CO2)OC2=C(C=CC3=C2C[C@@H](O3)C(C)=C)C1=O,COC1=C2C(=O)C3=C(C(O)=C4C[C@](O)(C[C@H](O[C@H]5C[C@H](N)[C@H](O)[C@H](C)O5)C4=C3O)C(C)=O)C(=O)C2=CC=C1,kidney,Rat,Human,0.233333333,0.970030785,0.69874477,,,,,
C[C@H]1CCCC(=O)CCC\C=C\C2=C(C(O)=CC(O)=C2)C(=O)O1,CC[C@]12CC[C@H]3[C@@H](CCC4=C\C(CC[C@H]34)=N\O)[C@@H]1CC[C@@]2(O)C#C,kidney,Rat,Human,0.137931034,0.833482504,0.69874477,,,,,
CCCCC(CC)COC(=O)C1=CC=C(O)C=C1,CCC1=CC=C(N)C=C1,prostate,Rat,Human,0.209677419,0.479806453,0.891304348,,,,,
Cl.CCN(CC1=CC=CN=C1)C(=O)C1=CC=CC(Cl)=C1[C@]1(C)C(=O)N(CC2=C(OC)C=C(OC)C=C2)C2=CC=C(Cl)C=C12,CC1=CC(=CC=C1N)C(=O)NN(CC1=CC=C(Cl)C=C1)C1=CC=C(OC(F)F)C=C1,kidney,Rat,Human,0.25308642,0.189652562,0.69874477,,,,,
CSC1=NC(NC(C)C)=NC(NC(C)C)=N1,CCNC1=NC(SC)=NC(NC(C)(C)C)=N1,brain,Rat,Human,0.457627119,0.765415788,1,,,,,
"C*.O=P(OC1=CC=CC=C1)(OC1=CC=CC=C1)OC1=CC=CC=C1 |c:6,8,14,16,22,24,t:4,12,20,lp:2:2,4:2,11:2,18:2,m:1:6.7.8|",CC(=O)O[Sn](C1=CC=CC=C1)(C1=CC=CC=C1)C1=CC=CC=C1,kidney,Rat,Human,0.483870968,0.999604404,0.69874477,,,,,
ClC1=CC=CC=C1NC1=NC(Cl)=NC(Cl)=N1,ClC1=CC=CC=C1NC1=NC(Cl)=N1,brain,Rat,Human,0.528301887,0.89282769,1,,,,,
Cl.CN1C(=O)C=C(OC2=C(F)C=C(F)C=C2)C2=C1N=C(NCC(C)(C)O)N=C2,CS(O)(=O)=O.CC(C)(C)C1=CC(\C=C2/SC(=N)NC2=O)=CC(=C1O)C(C)(C)C,kidney,Rat,Human,0.16,0.953298986,0.69874477,,,,,
CS([O-])(=O)=O.CN(C[C@@H](CC[N+]12CCC(CC1)(CC2)C1CCCCC1)C1=CC(Cl)=C(Cl)C=C1)C(=O)C1=CC(=CC(=C1)C(F)(F)F)C(F)(F)F,C[C@@]12CCC[C@H]1[C@@H]1CC[C@H]3C[C@@H](O)CC[C@]3(C)[C@H]1CC2,kidney,Rat,Human,0.125,0.572244346,0.69874477,,,,,
[H][C@@]12CC[C@H](O)[C@@]1(C)CC[C@@]1([H])[C@@]2([H])CC[C@@]2([H])CC(=O)CC[C@]12C,[H][C@@]12CC[C@H](O)[C@@]1(C)CC[C@@]1([H])[C@@]2([H])CC[C@@]2([H])CC2=C1[H],prostate,Rat,Human,0.5,0.644952178,0.891304348,,,,,
CSC1=NC(NC(C)C)=NC(NC(C)C)=N1,CCSC1=NC(NC(C)C)=NC(NC(C)C)=N1,brain,Rat,Human,0.78,0.797313571,1,,,,,
CCCCOC(=O)C1=CC=C(O)C=C1,OC(=O)C1=CC=C([Hg]Cl)C=C1,kidney,Rat,Human,0.326923077,0.994470596,0.69874477,,,,,
COP(=S)(OC)SCN1C(=O)C2=C(C=CC=C2)C1=O,CN1C(=O)C(=NNC(N)=S)C2=C1C=CC=C2,kidney,Rat,Human,0.297297297,0.498652041,0.69874477,,,,,
CC(C)(C1=CC=C(O)C=C1)C1=CC=C(O)C=C1,CC(C1=CC=C(O)C=C1)(C1=CC=C(O)C=C1)C1=CC=C(O)C=C1,kidney,Rat,Human,0.577464789,0.749951661,0.69874477,,,,,
ClC1=CC=C(C=C1)C(=O)C1=CC=CC=C1,OC(=O)CC1=C(N=C(S1)C1=CC=CC=C1)C1=CC=C(Cl)C=C1,kidney,Rat,Human,0.452054795,0.662837744,0.69874477,,,,,
OC1=C(CC2=CC=CC=C2)C=C(Cl)C=C1,CCC1=CC(N2N=C3C=CC=CC3=N2)=C(O)C=C1,prostate,Rat,Human,0.376811594,0.676409006,0.891304348,,,,,
ClC(Cl)(Cl)SN1C(=O)C2CC=CCC2C1=O,ClC1OC(=O)C(Cl)=C1C(=O)C1=CC=CS1,brain,Rat,Human,0.135135135,0.721537471,1,,,,,
[Cl-].CCCCCCCCCCCCCC[P+](CCCC)(CCCC)CCCC,[Cl-].CCCCCCCCCCCCCC[P+](CCCCC)(CCCCC)CCCCCCC,kidney,Rat,Human,0.78125,0.139503583,0.69874477,,,,,
CCCCCCCCC(=O)NCC1=CC(OC)=C(O)C=C1,CCCCCC(=O)O[C@H]1CC[C@H]2[C@@H]3CCC4=CC(O)=CC=C4[C@H]3CC[C@]12C,kidney,Rat,Human,0.271028037,0.590964258,0.69874477,,,,,
CCCC[Sn](CCCC)(CCCC)OC(=O)C1=CC=CC=C1,CC(=O)O[Hg]C1=CC=CC=C1,prostate,Rat,Human,0.256756757,0.488583982,0.891304348,,,,,
CS([O-])(=O)=O.CN(C[C@@H](CC[N+]12CCC(CC1)(CC2)C1CCCCC1)C1=CC(Cl)=C(Cl)C=C1)C(=O)C1=CC(=CC(=C1)C(F)(F)F)C(F)(F)F,C[C@@]12CCC[C@H]1[C@@H]1CC[C@H]3C[C@@H](O)CC[C@]3(C)[C@H]1CC2,kidney,Rat,Human,0.125,0.572244346,0.69874477,,,,,
Cl.OC1=CC=C(C=C1)C1=C(C(=O)C2=CC=C(OCCN3CCCCC3)C=C2)C2=CC=C(O)C=C2S1,OC1=CC=C(C=C1)C1=C(C(=O)C2=CC=C(OCCN3CCCCC3)C=C2)C2=CC=C(O)C=C2S1,kidney,Rat,Human,0.99,0.893846273,0.69874477,,,,,
CCCCC(CC)COC(=O)C1=CC=C(O)C=C1,CCCCOC(=O)C1=CC=C(O)C=C1,prostate,Rat,Human,0.648148148,0.466253549,0.891304348,,,,,
O=C(C(=O)C1=CC=CC=C1)C1=CC=CC=C1,C(=C(C1=CC=CC=C1)C1=CC=CC=C1)C1=CC=CC=C1,kidney,Rat,Human,0.492957746,0.642936528,0.69874477,,,,,
CCCCCCCCOC(=O)C1=CC(O)=C(O)C(O)=C1,CCCCCCCOC(=O)C1=CC(O)=C(O)C(O)=C1,kidney,Rat,Human,0.945454545,0.796599269,0.69874477,,,,,
OC1=C(OC2=CC=C(Cl)C=C2Cl)C=CC(Cl)=C1,[O-][N+](=O)C1=CC=C(OC2=C(Cl)C=C(Cl)C=C2)C=C1,prostate,Rat,Human,0.46969697,0.511900485,0.891304348,,,,,
CC(C)=CC1C(C(=O)OC2CC(=O)C(CC#C)=C2C)C1(C)C,CC[C@]12CC[C@H]3[C@@H](CCC4=C\C(CC[C@H]34)=N\O)[C@@H]1CC[C@@]2(OC(C)=O)C#C,kidney,Rat,Human,0.155172414,0.821013629,0.69874477,,,,,
CC(C)N(C(=O)CCl)C1=CC=CC=C1,Cl[Hg]C1=CC=CC=C1,kidney,Rat,Human,0.326086957,0.996946514,0.69874477,,,,,
CCC(C)N(C)C(=O)C1=CC2=C(C=CC=C2)C(=N1)C1=CC=CC=C1Cl,Cl.Cl.COCC(=O)O[C@]1(CCN(C)CCCC2=NC3=C(N2)C=CC=C3)CCC2=C(C=CC(F)=C2)[C@@H]1C(C)C,kidney,Rat,Human,0.251798561,0.247225165,0.69874477,,,,,
O=C(CC1=CC=CC=C1)C1=CC=CC=C1,N#CC1=C2C=CC=CC2=CC2=C1C=CC=C2,kidney,Rat,Human,0.338235294,0.777620077,0.69874477,,,,,
Cl.COC1=CC=CC(=C1)C1=C(Cl)C=C(\C=C/CN2CCCCCC2)C=C1,Cl.CSC1=CC2=C(SC3=C(C=CC=C3)N2CCC2CCCCN2C)C=C1,kidney,Rat,Human,0.254237288,0.326970547,0.69874477,,,,,
CC(C)(C1=CC=CC=C1)C1=CC=C(O)C=C1,OC(C1=CC=C(Cl)C=C1)(C1=CN=CN=C1)C1=CC=CC=C1Cl,kidney,Rat,Human,0.35,0.776722074,0.69874477,,,,,
Cl.Cl.CC1=C(N)C=CC(=C1)C1=CC(C)=C(N)C=C1,CC1=CC(O)=C(C=C1SC1=C(C)C=C(O)C(=C1)C(C)(C)C)C(C)(C)C,kidney,Rat,Human,0.193548387,0.649837673,0.69874477,,,,,
CCCCOCCOP(=O)(OCCOCCCC)OCCOCCCC,OC(=O)CN(CCOCCOCCN(CC(O)=O)CC(O)=O)CC(O)=O,kidney,Rat,Human,0.190082645,0.134998426,0.69874477,,,,,
CCCC[Sn](CCCC)(CCCC)OC(=O)C1=CC=CC=C1,CC(=O)O[Hg]C1=CC=CC=C1,prostate,Rat,Human,0.256756757,0.488583982,0.891304348,,,,,
[H][C@@]12CC[C@H](O)[C@@]1(C)CC[C@@]1([H])[C@@]2([H])CC[C@@]2([H])CC(=O)CC[C@]12C,C[C@]12CC[C@H]3[C@@H](CC[C@H]4C[C@@H]5S[C@@H]5C[C@]34C)[C@@H]1CC[C@@H]2O,prostate,Rat,Human,0.608108108,0.716374516,0.891304348,,,,,
CCN(CC)C1=CC=C2C(C)=CC(=O)OC2=C1,CN(C)C1=CC2=C(C=C1)C(C)=CC(=O)O2,prostate,Rat,Human,0.692307692,0.472251773,0.891304348,,,,,
OC1=CC=C(C=C1)C(C1=CC=C(O)C=C1)C(Cl)(Cl)Cl,ClC(Cl)C(Cl)(Cl)SN1C(=O)C2C=CCCC2C1=O,kidney,Rat,Human,0.123595506,0.737152994,0.69874477,,,,,
CCCCCCCCOC(=O)C1=CC(O)=C(O)C(O)=C1,OC(=O)C1=CC(O)=C(O)C(O)=C1,prostate,Rat,Human,0.433333333,0.999957204,0.891304348,,,,,
C[C@H]1C[C@H](C)C(=O)[C@@H](C1)[C@H](O)CC1CC(=O)NC(=O)C1,C[C@@H]1CCC2[C@@H](C)[C@@H](O)O[C@@H]3O[C@@]4(C)CC[C@@H]1[C@@]23OO4,kidney,Rat,Human,0.134020619,0.672613204,0.69874477,,,,,
C[C@H]1C[C@H]2[C@@H]3CC[C@](OC(C)=O)(C(C)=O)[C@@]3(C)CC[C@@H]2[C@@]2(C)CCC(=O)C=C12,CC(=O)C(C)=CC1C(C)=CCCC1(C)C,prostate,Rat,Human,0.210526316,0.662021935,0.891304348,,,,,
ClC1=CC=C(C=C1)C(=O)C1=CC=CC=C1,OC1=CC=C(C=C1)C(=O)C1=CC=C(Cl)C=C1,kidney,Rat,Human,0.62962963,0.516625941,0.69874477,,,,,
CC1=CC=C2C(=O)C3=C(C=CC=C3)C(=O)C2=C1N,Cl.C[C@@H]1O[C@H](C[C@H](N)[C@@H]1O)O[C@H]1C[C@@](O)(CC2=C(O)C3=C(C(O)=C12)C(=O)C1=C(C=CC=C1)C3=O)C(C)=O,kidney,Rat,Human,0.295652174,0.985930383,0.69874477,,,,,
O=C1C=CC(=O)C2=C1C=CC=C2,[Na+].[S-]C1=NC2=CC=CC=C2S1,prostate,Rat,Human,0.254901961,0.981933892,0.891304348,,,,,
CC1(C)C(C(=O)OC(C#N)C2=CC=CC(OC3=CC=CC=C3)=C2)C1(C)C,CC(C)[C@@H](NC1=C(Cl)C=C(C=C1)C(F)(F)F)C(=O)OC(Br)C#N,kidney,Rat,Human,0.190909091,0.467185915,0.69874477,,,,,
ClC1=C(Cl)C(C#N)=C(Cl)C(C#N)=C1Cl,[O-][N+](=O)C1=C(Cl)C(Cl)=C(Cl)C(Cl)=C1Cl,prostate,Rat,Human,0.365384615,0.966950595,0.891304348,,,,,
CCN(CC)C(=O)C1=CC=CC(C)=C1,[H][C@@]1(CC[C@@]2([H])\C(CCC[C@]12C)=C/C1=CC=C(C=C1)C(O)=O)C(C)(C)C,kidney,Rat,Human,0.168539326,0.128735289,0.69874477,,,,,
C[C@H]1C[C@H](C)C(=O)[C@@H](C1)[C@H](O)CC1CC(=O)NC(=O)C1,BrC1CCCC(Br)C(Br)CCC(Br)C(Br)CC1Br,kidney,Rat,Human,0.096774194,0.812677622,0.69874477,,,,,
OC(=O)C1=C(O)C2=CC=CC=C2C(O)=C1,OC1=CC=C(C(=O)C2=CC(O)=C(O)C(O)=C2)C(O)=C1O,kidney,Rat,Human,0.323943662,0.974986553,0.69874477,,,,,
CCCCCCOC1=CC=C(O)C=C1,OC1=CC=C([Hg]Cl)C=C1,kidney,Rat,Human,0.326530612,0.998469174,0.69874477,,,,,
CC1=C(C2=C(C=CC=C2)N1CCCCC(O)=O)C1=CN=CC=C1,CC(=O)O[C@H]1CC[C@]2(C)[C@H]3CC[C@@]4(C)[C@@H](CC=C4C4=CN=CC=C4)[C@@H]3CC=C2C1,kidney,Rat,Human,0.201612903,0.445510864,0.69874477,,,,,
CCNC1=NC(SC)=NC(NC(C)(C)C)=N1,CCC1=CC(=C(O)C(=C1)C(C)(C)C)C(C)(C)C,kidney,Rat,Human,0.194444444,0.398058027,0.69874477,,,,,
OC1=C(OC2=CC=C(Cl)C=C2Cl)C=CC(Cl)=C1,OC1=C([Hg]Cl)C=CC(Cl)=C1SC1=C(O)C(Cl)=CC(Cl)=C1,kidney,Rat,Human,0.328947368,0.941600502,0.69874477,,,,,
N#CSCSC1=NC2=CC=CC=C2S1,N#CSCSC#N,kidney,Rat,Human,0.224489796,0.891598046,0.69874477,,,,,
C[C@H]1CCCC(=O)CCC\C=C\C2=C(C(O)=CC(O)=C2)C(=O)O1,[H][C@@]12CC[C@H](O)[C@@]1(C)CC[C@]1([H])C3=CC=C(O)C=C3C[C@@]21[H],kidney,Rat,Human,0.191919192,0.798605084,0.69874477,,,,,
[Na+].COC1=CC2=C(SC(C(=O)NC3=NN=N[N-]3)=C2OC(C)C)C=C1,[Na+].OC1=C(N=NC2=CC=C(C=C2)S([O-])(=O)=O)C(C)=C1,kidney,Rat,Human,0.126213592,0.481020451,0.69874477,,,,,
CN(C)C(=O)NC1=CC=CC(=C1)C(F)(F)F,CCOC(=O)C(C)OC1=CC=C(OC2=NC3=C(C=CC=C23)C(F)(F)F)C=C1,kidney,Rat,Human,0.244680851,0.128294259,0.69874477,,,,,
NC1=C(Cl)C=C(C=C1)[N+]([O-])=O,NNC1=NC(=CS1)C1=CC=C(C=C1)[N+]([O-])=O,kidney,Rat,Human,0.321428571,0.403306752,0.69874477,,,,,
NC1=CC2=C(C=CC=C2)C=C1,N=C1NC(=N)C2=C1C=C1C=CC=CC1=C2,kidney,Rat,Human,0.388888889,0.906204164,0.69874477,,,,,
CCCCOC(=O)C1=CC=C(O)C=C1,OC(=O)C1=CC=C([Hg]Cl)C=C1,kidney,Rat,Human,0.326923077,0.994470596,0.69874477,,,,,
O=P(OC1=CC=CC=C1)(OC1=CC=CC=C1)OC1=CC=CC=C1,CC(=O)O[Sn](C1=CC=CC=C1)(C1=CC=CC=C1)C1=CC=CC=C1,kidney,Rat,Human,0.483516484,0.999604404,0.69874477,,,,,
CCC1=C(OCC(O)=O)C=CC(SCC2=C(CN3CCN(CC3)C3=CC=C(OC)C=C3)N=C(S2)C2=CC=C(C=C2)C(F)(F)F)=C1,CC1=C(CSC2=CC(C)=C(OCC(O)=O)C=C2)SC(=N1)C1=CC=C(SC2=CC=C(C=C2)C(F)(F)F)C=C1,kidney,Rat,Human,0.55704698,0.545977354,0.69874477,,,,,
O=C1C=CC(=O)C2=C1C=CC=C2,N#CSCSC1=NC2=CC=CC=C2S1,prostate,Rat,Human,0.209677419,0.832851112,0.891304348,,,,,
COC1=CC(=CC=C1N)C1=CC(OC)=C(N)C=C1,COC1=CC=C(C(=O)C2=CC=C(OC)C=C2O)C(O)=C1,kidney,Rat,Human,0.329113924,0.118992507,0.69874477,,,,,
C[C@H]1CCCC(=O)CCC\C=C\C2=C(C(O)=CC(O)=C2)C(=O)O1,CC[C@]12CC[C@H]3[C@@H](CCC4=C\C(CC[C@H]34)=N\O)[C@@H]1CC[C@@]2(O)C#C,kidney,Rat,Human,0.137931034,0.833482504,0.69874477,,,,,
CC1=CC(=CC=C1O)C(C)(C)C1=CC(C)=C(O)C=C1,COC1=CC2=C(C=C1)N=C(C)C(=O)O2,prostate,Rat,Human,0.184210526,0.723082364,0.891304348,,,,,
CC\C(=C(\CC)C1=CC=C(O)C=C1)C1=CC=C(O)C=C1,OC1=CC=C(\C=C\C(=O)CC(=O)\C=C\C2=CC=C(O)C=C2)C=C1,prostate,Rat,Human,0.406976744,0.599465311,0.891304348,,,,,
OC1=CC=C(C=C1)C(=O)OCC1=CC=CC=C1,O.O.OC1=CC=C(C=C1)C1=C(O)C(=O)C2=CC=CC=C2OC1=O,kidney,Rat,Human,0.341463415,0.641969144,0.69874477,,,,,
CCCOC(=O)C1=CC(O)=C(O)C(O)=C1,OC(=O)C1=CC(O)=C(O)C(O)=C1,brain,Rat,Human,0.577777778,0.69554621,1,,,,,
CCC(COC(=O)C=C)(COC(=O)C=C)COC(=O)C=C,C=CC(=O)OCCN1C(=O)N(CCOC(=O)C=C)C(=O)N(CCOC(=O)C=C)C1=O,kidney,Rat,Human,0.412371134,0.017385641,0.69874477,,,,,
CC(C)NC(=O)N1CC(=O)N(C1=O)C1=CC(Cl)=CC(Cl)=C1,CCOC(=O)C(C)OC1=CC(Cl)=C(N=C1)C1=C(Cl)C=C(Cl)C=C1,brain,Rat,Human,0.226804124,0.644940555,1,,,,,
CCOC(=O)CCC(=O)OCC,CC\C(=C/C(=N\O)/C(N)=O)C(C)(C)C,prostate,Rat,Human,0.13559322,0.541902244,0.891304348,,,,,
C[C@H]1CCCC(=O)CCC\C=C\C2=C(C(O)=CC(O)=C2)C(=O)O1,[H][C@@]12CC[C@H](O)[C@@]1(C)CC[C@]1([H])C3=CC=C(O)C=C3CC[C@@]21[H],kidney,Rat,Human,0.21,0.8048805,0.69874477,,,,,
CCN(CC)C(=O)C(C)OC1=C2C=CC=CC2=CC=C1,CCC(=O)O[C@H]1CC[C@H]2[C@@H]3CCC4=CC(O)=CC=C4[C@H]3CC[C@]12C,kidney,Rat,Human,0.148148148,0.724527419,0.69874477,,,,,
CCCCCCCCCC1=CC=C(O)C=C1,CCCCCCC1=C(O)C=C(O)C=C1,prostate,Rat,Human,0.465517241,0.481398582,0.891304348,,,,,
NC1=CC2=C(C=CC=C2)C=C1,N=C1NC(=N)C2=C1C=C1C=CC=CC1=C2,kidney,Rat,Human,0.388888889,0.906204164,0.69874477,,,,,
[Na+].NC1=C(\N=N\C2=CC=CC=C2C(F)(F)F)C2=C(C=C1)C=C(C=C2O)S([O-])(=O)=O,O.O.OC1=C(O)C(=CC=C1)C1=C(O)C(=C(C=C1)C(F)(F)F)C(F)(F)F,kidney,Rat,Human,0.275229358,0.503367901,0.69874477,,,,,
COC1=CC2=C(C=CC(=O)O2)C(OC)=C1,COC1=CC=C(C(=O)C2=CC(O)=CC=C2)C(OC)=C1,kidney,Rat,Human,0.397058824,0.096632637,0.69874477,,,,,
OC(C1=CC=C(Cl)C=C1)(C1=CN=CN=C1)C1=CC=CC=C1Cl,OC(C1=CC=C(Cl)C=C1)(C1=CN=CN=C1)C1=CC=C(Cl)C=C1,kidney,Rat,Human,0.702702703,0.823166788,0.69874477,,,,,
C[C@]1(O)CC[C@H]2[C@@H]3CCC4=CC(=O)CC[C@]4(C)[C@H]3CC[C@]12C,CC1CC(=O)CC(=C1)[C@H]1CC[C@H]2[C@@H]3CC=C4C[C@@H](O)CC[C@]4(C)[C@H]3CC[C@]12C,prostate,Rat,Human,0.359223301,0.461457819,0.891304348,,,,,
OC1=CC2=C(C=CC=C2)C2=CC=CC=C12,CCOC(=O)CC1=CC=CC2=C1C=CC=C2,prostate,Rat,Human,0.343283582,0.50159961,0.891304348,,,,,
CCC1=C(OCC(O)=O)C=CC(SCC2=C(CN3CCN(CC3)C3=CC=C(OC)C=C3)N=C(S2)C2=CC=C(C=C2)C(F)(F)F)=C1,OC(=O)C(F)(F)F.COC1=CC(C2=C(CCC3CCCC3)SC(NC(=O)C3=CC4=CC(C)=CC(C)=C4N3CC(O)=O)=N2)=C(OC)C=C1Cl,prostate,Rat,Human,0.234449761,0.795358837,0.891304348,,,,,
OC1=CC2=C(C=CC=C2)C2=CC=CC=C12,NC(=O)N1C2=CC=CC=C2C2=CC=CC=C12,prostate,Rat,Human,0.451612903,0.999334395,0.891304348,,,,,
CC(C)(C1=CC=C(OCC2CO2)C=C1)C1=CC=C(OCC2CO2)C=C1,OC1=CC=C(CC2CO2)C=C1,kidney,Rat,Human,0.214285714,0.202811807,0.69874477,,,,,
ClC1=C(Cl)C(C#N)=C(Cl)C(C#N)=C1Cl,N#CSCSC#N,prostate,Rat,Human,0.12244898,0.722428024,0.891304348,,,,,
CC1=C(CCOC2=CC=C(C[C@H](NC3=C(C=CC=C3)C(=O)C3=CC=CC=C3)C(O)=O)C=C2)N=C(O1)C1=CC=CC=C1,CC1=C(CCOC2=CC=CC3=C2C=CN3CCC(O)=O)N=C(O1)C1=CC=CC=C1,brain,Rat,Human,0.429577465,0.70203048,1,,,,,
OC1=C(CC2=CC=CC=C2)C=C(Cl)C=C1,OC1=C(CC2=C(O)C=CC=C2)C=CC=C1,prostate,Rat,Human,0.482758621,0.980870664,0.891304348,,,,,
CC1(C)N(Br)C(=O)N(Br)C1=O,BrCC1=C(Br)C(=O)N(C(Br)C(O)=O)C1=O,brain,Rat,Human,0.160714286,0.526912808,1,,,,,
CCCCC\C=C/C\C=C/CCCCCCCC(=O)OC,CCCCC(=O)O[C@H]1CC[C@H]2[C@@H]3CCC4=CC(=O)CC[C@@H]4[C@H]3CC[C@]12C,kidney,Rat,Human,0.13559322,0.475262851,0.69874477,,,,,
[Cl-].CN(C)C1=CC=C(C=C1)C(C1=CC=C(C=C1)N(C)C)=C1C=CC(C=C1)=[N+](C)C,[Cl-].CCN(C)C1=CC=C(C=C1)C(C1=CC=C(C=C1)N(C)C)=C1C=CC(C=C1)=[N+](C)C,brain,Rat,Human,0.872093023,0.85015744,1,,,,,
CCOC(=O)CCN(SN(C)C(=O)OC1=CC=CC2=C1OC(C)(C)C2)C(C)C,C[C@]12CC[C@H]3[C@@H](CCC4=C3C=CC(OC(=O)N(CCCl)CCCl)=C4)[C@@H]1CC[C@@H]2OP(O)(O)=O,kidney,Rat,Human,0.183098592,0.510379314,0.69874477,,,,,
COC1=CC2=C(C=C1)[C@H]1CC[C@@]3(C)[C@@H](CC[C@@]3(O)C#C)[C@@H]1CC2,CCOC1=CC2=C(C=C1)[C@H]1CC[C@@]3(C)[C@@H](CC[C@@]3(O)C#C)[C@@H]1CC2,prostate,Rat,Human,0.847222222,0.481704533,0.891304348,,,,,
Cl.COC1=CC=CC(=C1)C1=C(Cl)C=C(\C=C/CN2CCCCCC2)C=C1,Cl.CSC1=CC2=C(SC3=C(C=CC=C3)N2CCC2CCCCN2C)C=C1,kidney,Rat,Human,0.254237288,0.326970547,0.69874477,,,,,
OS(=O)(=O)C(F)(F)C(F)(F)C(F)(F)C(F)(F)C(F)(F)C(F)(F)C(F)(F)C(F)(F)F,[O-][N+](=O)C(=O)C(F)(F)C(F)(F)C(F)(F)C(F)(F)C(F)(F)C(F)(F)C(F)(F)C(F)(F)F,prostate,Rat,Human,0.7125,0.568348646,0.891304348,,,,,
FC(F)(F)C1=C(Br)C(C#N)=C(N1)C1=CC=C(Cl)C=C1,FC1(F)OC2=CC=CC(=C2O1)C1=CNC=C1C#N,kidney,Rat,Human,0.214285714,0.927783668,0.69874477,,,,,
CCC(C)(C1=CC=C(O)C=C1)C1=CC=C(O)C=C1,CCOC(=O)C(O)(C1=CC=C(Cl)C=C1)C1=CC=C(Cl)C=C1,prostate,Rat,Human,0.402597403,0.53067863,0.891304348,,,,,
OC1=C(CC2=CC=CC=C2)C=C(Cl)C=C1,OC1=C([Hg]Cl)C=CC=C1,kidney,Rat,Human,0.307692308,0.974101305,0.69874477,,,,,
CN(C)[C@H]1[C@@H]2[C@@H](O)[C@H]3C(=C(O)[C@]2(O)C(=O)C(C(N)=O)=C1O)C(=O)C1=C(C=CC=C1O)[C@@]3(C)O,Cl.NC1=NC(=O)N(C=C1)[C@@H]1O[C@H](CO)[C@@H](O)[C@@H]1O,prostate,Rat,Human,0.146551724,0.466375053,0.891304348,,,,,
[Cl-].CCCCCCCCCCCCCCCC[N+](C)(C)CC1=CC=CC=C1,CCCCCCCCCCCCCCCC(=O)OC[C@@H](NC(=O)C(Cl)Cl)[C@H](O)C1=CC=C(C=C1)C(=O)C1=CC=CC=C1,kidney,Rat,Human,0.402877698,0.127147391,0.69874477,,,,,
CC(C)COC(=O)C1=C(C=CC=C1)C(=O)OCC(C)C,O=C(OC1CCCC1)C1=C(C=CC=C1)C(=O)OCC(C)C,kidney,Rat,Human,0.569444444,0.336601526,0.69874477,,,,,
CC(C)(C1=CC=CC=C1)C1=CC=C(O)C=C1,CC1=CC(=CC=C1O)C(C)(C)C1=CC(O)=C(O)C=C1,prostate,Rat,Human,0.371428571,0.652574956,0.891304348,,,,,
OC1=CC=C(C=C1)C(=O)OCC1=CC=CC=C1,OC1=CC=C(C=C1)C(=O)C1=CC=C(O)C(O)=C1O,kidney,Rat,Human,0.38028169,0.951031864,0.69874477,,,,,
CC(C)=CC1C(C(=O)OCC2=COC(CC3=CC=CC=C3)=C2)C1(C)C,CC1(C)[C@@H](\C=C(/Cl)C(F)(F)F)[C@H]1C(=O)O[C@H](C#N)C1=CC=C(OC2=CC=CC=C2)C=C1,prostate,Rat,Human,0.336206897,0.527774274,0.891304348,,,,,
OCCC1=CC=C(NC2=CC=C(O)C3=C2C(=O)C2=C(C=CC(O)=C2C3=O)[N+]([O-])=O)C=C1,C[C@@H]1O[C@H](C[C@H](N)[C@@H]1O)O[C@H]1C[C@@](O)(CC2=C(O)C3=C(C(O)=C12)C(=O)C1=C(C=CC=C1O)C3=O)C(C)=O,kidney,Rat,Human,0.223684211,0.987204134,0.69874477,,,,,
CCC(COC(=O)C=C)(COC(=O)C=C)COC(=O)C=C,OC(=O)CN(CC(O)=O)CC(O)=O,kidney,Rat,Human,0.155844156,0.349480122,0.69874477,,,,,
OC(=O)CC(O)(CC(O)=O)C(O)=O.CCN(CC)CCOC1=CC=C(C=C1)C(=C(Cl)C1=CC=CC=C1)C1=CC=CC=C1,CC1=C(O)C(C(=O)C(=O)C(CO)=CC(C)C)=C(Cl)C=C1Cl,prostate,Rat,Human,0.118421053,0.514776409,0.891304348,,,,,
OC1=C(OC2=CC=C(Cl)C=C2Cl)C=CC(Cl)=C1,[O-][N+](=O)C1=CC=C(OC2=C(Cl)C=C(Cl)C=C2)C=C1,prostate,Rat,Human,0.46969697,0.511900485,0.891304348,,,,,
CCC(=C(C1=CC=C(O)C=C1)C1=CC=C(OCCN(C)C)C=C1)C1=CC=CC=C1,CC\C(=C(/C1=CC=C(O)C=C1)C1=CC=C(OCCN(C)C)C=C1)C1=CC=CC=C1,kidney,Rat,Human,1,0.991224945,0.69874477,,,,,
OC1=C(CC2=CC=CC=C2)C=C(Cl)C=C1,OC1=C([Hg]Cl)C=CC=C1,kidney,Rat,Human,0.307692308,0.974101305,0.69874477,,,,,
CC1=C(CCOC2=CC=CC3=C2C=CN3CCC(O)=O)N=C(O1)C1=CC=CC=C1,CC(C)(C)C1=CSC(=N1)C1=CC2=C(O1)C=CS2,kidney,Rat,Human,0.128205128,0.687870324,0.69874477,,,,,
CC1=CC=C(C(=C1)[N+]([O-])=O)[N+]([O-])=O,[O-][N+](=O)C1=CC=C(O1)\C=N\N1CCOC1=O,kidney,Rat,Human,0.215384615,0.490952522,0.69874477,,,,,
C\C(\C=C\C1=C(C)CCCC1(C)C)=C/C=C/C(/C)=C/C(O)=O,C\C(\C=C\C=C(/C)\C=C\C1=C(C)CCCC1(C)C)=C/C=O,kidney,Rat,Human,0.757575758,0.899123073,0.69874477,,,,,
CCCCNS(=O)(=O)C1=CC=C(C)C=C1,CC(C)CC(C)(O)COC1=CC=C(C=C1)C(=O)OCC(C)(C)C,kidney,Rat,Human,0.186046512,0.267112345,0.69874477,,,,,
CCCCCCCCCC1=CC=C(O)C=C1,CCCCOC1=CC=C(O)C=C1,prostate,Rat,Human,0.428571429,0.493510127,0.891304348,,,,,
"[Na+].CCCCCCCCCCCC*.[O-]S(=O)(=O)C1=CC=CC=C1 |c:18,20,t:16,lp:14:3,16:2,17:2,m:13:21.22.23|",[Na+].CCCCCCCCCCCCCCCCOS([O-])(=O)=O,kidney,Rat,Human,0.470588235,0.048857346,0.69874477,,,,,
CCC1=C(OCC(O)=O)C=CC(SCC2=C(CN3CCN(CC3)C3=CC=C(OC)C=C3)N=C(S2)C2=CC=C(C=C2)C(F)(F)F)=C1,OC(=O)C(F)(F)F.COC1=CC(C2=C(CCC3CCCC3)SC(NC(=O)C3=CC4=CC(C)=CC(C)=C4N3CC(O)=O)=N2)=C(OC)C=C1Cl,prostate,Rat,Human,0.234449761,0.795358837,0.891304348,,,,,
CCC(COC(=O)C=C)(COC(=O)C=C)COC(=O)C=C,C=CC(=O)OCCN1C(=O)N(CCOC(=O)C=C)C(=O)N(CCOC(=O)C=C)C1=O,kidney,Rat,Human,0.412371134,0.017385641,0.69874477,,,,,
CSC1=CC=C(OC2=CC=C(C=C2CN(C)C)S(N)(=O)=O)C=C1C,CSC1=CC=C(OC2=CC=C(C=C2)N(CC)CC)C(N)=C1,brain,Rat,Human,0.347826087,0.670720279,1,,,,,
N#CC1=CC=C(C=C1)C(N1C=NC=N1)C1=CC=C(C=C1)C#N,[K+].[Ag+].[C-]#N.[C-]#N,kidney,Rat,Human,0.028571429,0.973747432,0.69874477,,,,,
CN(C)C(=O)NC1=CC=CC(=C1)C(F)(F)F,CC1=C(C=C(C(O)=C1)C(C)(C)C)C(C)(C)C,kidney,Rat,Human,0.108108108,0.349616766,0.69874477,,,,,
OC1=CC=C(C=C1)C(=O)OCC1=CC=CC=C1,[H][C@@]12CC[C@H](O)[C@@]1(C)CC[C@]1([H])[C@@]2([H])CCC2=CC=CC=C12,kidney,Rat,Human,0.142857143,0.717206299,0.69874477,,,,,
[H][C@@]12CC[C@@](O)(C#C)[C@@]1(C)CC[C@]1([H])C3=C(CC[C@@]21[H])C=C(O)C=C3,[H][C@@]12CC[C@@](O)(C#C)[C@@]1(C)CC[C@@]1([H])CC[C@@]2([H])CC2=CC(=O)CC[C@]12C,prostate,Rat,Human,0.402173913,0.616864681,0.891304348,,,,,
CCCCCCCCOC(=O)C1=CC(O)=C(O)C(O)=C1,CCCOC(=O)C1=CC(O)=C(O)C(O)=C1,kidney,Rat,Human,0.666666667,0.881325603,0.69874477,,,,,
C[C@H]1CCCC(=O)CCC\C=C\C2=C(C(O)=CC(O)=C2)C(=O)O1,C[C@]12CC[C@H]3C(=CCC4=C3C=CC(O)=C4)[C@@H]1CCC2=O,kidney,Rat,Human,0.24742268,0.716189682,0.69874477,,,,,
Cl.COC1=CC=CC(=C1)C1=C(Cl)C=C(\C=C/CN2CCCCCC2)C=C1,Cl.CSC1=CC2=C(SC3=C(C=CC=C3)N2CCC2CCCCN2C)C=C1,kidney,Rat,Human,0.254237288,0.326970547,0.69874477,,,,,
CCCCC\C=C/C\C=C/CCCCCCCC(O)=O,CCCCCCCCCCCC(=O)N(C)CC(O)=O,kidney,Rat,Human,0.453333333,0.062016413,0.69874477,,,,,
"C*.O=P(OC1=CC=CC=C1)(OC1=CC=CC=C1)OC1=CC=CC=C1 |c:6,8,14,16,22,24,t:4,12,20,lp:2:2,4:2,11:2,18:2,m:1:6.7.8|",CC(=O)O[Sn](C1=CC=CC=C1)(C1=CC=CC=C1)C1=CC=CC=C1,kidney,Rat,Human,0.483870968,0.999604404,0.69874477,,,,,
CCN(CC)C1=CC=C(C=O)C(O)=C1,CCCC(=O)O[C@H]1CC[C@H]2[C@@H]3CCC4=CC(=O)CC[C@]4(C)[C@H]3CC[C@]12C,kidney,Rat,Human,0.088235294,0.419813424,0.69874477,,,,,
CCN(CC)CCNC1=C2C(=O)C3=C(SC2=C(CNC=O)C=C1)C=CC(OC)=C3,CCCN(CCC)CCNC1=C2C(=O)C3=C(SC2=C(CNC=O)C=C1)C=CC(OC)=C3,kidney,Rat,Human,0.827956989,0.377087444,0.69874477,,,,,
CCOC(=O)\C=C(/C)\C=C\C[C@@H](C)CCCC(C)C,CCC(=O)O[C@H]1CC[C@H]2[C@@H]3CCC4=CC(OC(=O)CC)=CC=C4[C@H]3CC[C@]12C,kidney,Rat,Human,0.092436975,0.589029551,0.69874477,,,,,
CC1(CCCCC1)C(=O)NC1=C(Cl)C(Cl)=C(O)C=C1,C[C@]12CC[C@H]3[C@@H](CCC4=CC5=C(C[C@]34C)C=NO5)[C@@H]1CC[C@@]2(O)C#C,kidney,Rat,Human,0.14953271,0.661160707,0.69874477,,,,,
[Cl-].CCCCCCCC[N+](C)(CCCCCCCC)CCCCCCCC,[O-]S(=O)(=O)C(F)(F)F.CCCCCCCC[N+](CCCCCCCC)(CCCCCCC)CCCCCC,kidney,Rat,Human,0.618181818,0.133745089,0.69874477,,,,,
[Na+].[Na+].CC1=CC=C(C=C1)S(=O)(=O)OC1=CC=C(C=C1)N=NC1=C(C)C=C(C=C1)C1=CC=C(N=NC2=C(O)C=CC3=CC(=CC(=C23)S([O-])(=O)=O)S([O-])(=O)=O)C(C)=C1,OC1=CC=CC(=C1)C1=C2\CCC(=N2)\C(=C2/N\C(\C=C2)=C(/C2=N/C(/C=C2)=C(\C2=CC=C\1N2)C1=CC(O)=CC=C1)C1=CC(O)=CC=C1)\C1=CC(O)=C1,kidney,Rat,Human,0.207317073,0.759864688,0.69874477,,,,,
CC1=C2C=CC=CC2=C(C)C2=C3C=CC=CC3=CC=C12,BrC1=C2C=CC=CC2=C(Br)C2=CC=CC=C12,kidney,Rat,Human,0.464788732,0.961430848,0.69874477,,,,,
NC1=CC=C(C=C1)\N=N\C1=CC=CC=C1,OC(=O)C=CNC1=CC=C(N=NC2=CC=CC=C2)C=C1,kidney,Rat,Human,0.59375,0.701577365,0.69874477,,,,,
CCCCNS(=O)(=O)C1=CC=C(C)C=C1,CCS(=O)(=O)CCN1C(C)=NC=C1[N+]([O-])=O,kidney,Rat,Human,0.220588235,0.109124139,0.69874477,,,,,
CC(C)(O)C(=O)NC1=CC(=C(C=C1)[N+]([O-])=O)C(F)(F)F,[O-][N+](=O)C1=CC(=C(Cl)C(=C1NC1=C(Cl)C=C(C=N1)C(F)(F)F)[N+]([O-])=O)C(F)(F)F,prostate,Rat,Human,0.285714286,0.744264841,0.891304348,,,,,
[Na+].[Na+].[O-]S(=O)(=O)C1=CC=CC=C1C=CC1=CC=C(C=C1)C1=CC=C(C=CC2=CC=CC=C2S([O-])(=O)=O)C=C1,[Na+].[Na+].CC1=C2N=C(C3=CC=CC=C3)C(=CC2=C(C=C1)C1=CC=C(C=C1)C1=CC=C(C=C1)S([O-])(=O)=O)S([O-])(=O)=O,kidney,Rat,Human,0.489361702,0.367566288,0.69874477,,,,,
Cl.CN(C)C1=CC=C(C=C1)C(=N)C1=CC=C(C=C1)N(C)C,[Cl-].CN(C)C1=CC2=[S+]C3=C(C=CC(=C3)N(C)C)N=C2C=C1,kidney,Rat,Human,0.395061728,0.497863412,0.69874477,,,,,
COP(=S)(OC)SCN1N=NC2=C(C=CC=C2)C1=O,CCOC1=CC=C(CN2C(=S)N(C)C=C2)C=C1,brain,Rat,Human,0.174418605,0.892997026,1,,,,,
CCC(=O)NC1=CC=C(Cl)C(Cl)=C1,[Na+].C[Hg]SC1=C(Cl)C=C(Cl)C(Cl)=C1,kidney,Rat,Human,0.259259259,1,0.69874477,,,,,
[Cl-].CCCCCCCCCCCCCC[P+](CCCC)(CCCC)CCCC,[Cl-].CCCCCCCCCCCCCC[P+](CCCC)(CCCCCC)CCCCCCC,kidney,Rat,Human,0.8,0.143194735,0.69874477,,,,,
CC1(C)NC(=O)N(C1=O)C1=CC(=C(C=C1)[N+]([O-])=O)C(F)(F)F,CN1C=NC1=S,prostate,Rat,Human,0.058823529,0.945432484,0.891304348,,,,,
OC1=C(CC2=CC=CC=C2)C=C(Cl)C=C1,OC1=CC=C(CC2=C(O)C=CC=C2)C=C1,kidney,Rat,Human,0.535714286,0.296745837,0.69874477,,,,,
NC1=C(Cl)C=C(C=C1)[N+]([O-])=O,NNC1=NC(=CS1)C1=CC=C(C=C1)[N+]([O-])=O,kidney,Rat,Human,0.321428571,0.403306842,0.69874477,,,,,
[Cl-].CCCCCCCC[N+](C)(CCCCCCCC)CCCCCCCC,[Cl-].[Cl-].[Cd++],kidney,Rat,Human,0.012987013,0.999254286,0.69874477,,,,,
NC1=C(Cl)C=C(C=C1)[N+]([O-])=O,NC1=C(N)C=C(C(Cl)=C1)[N+]([O-])=O,kidney,Rat,Human,0.428571429,0.249122486,0.69874477,,,,,
C[C@H]1C[C@H](C)C(=O)[C@@H](C1)[C@H](O)CC1CC(=O)NC(=O)C1,BrC1CCC(Br)C(Br)CCC(Br)C(Br)CC1Br,kidney,Rat,Human,0.1,0.867076397,0.69874477,,,,,
CCC(C)N(C)C(=O)C1=CC2=C(C=CC=C2)C(=N1)C1=CC=CC=C1Cl,OC(=O)CN1C(=CC2=CC=CC=C12)C(=O)NC1=NC(=CS1)C1=C(Cl)C=CC=C1,kidney,Rat,Human,0.401869159,0.738028228,0.69874477,,,,,
CCCC[Sn](Cl)(CCCC)CCCC,CCCC[Sn](CCCC)(CCCC)OC(=O)CCC,prostate,Rat,Human,0.525423729,0.882352471,0.891304348,,,,,
C[C@H]1C[C@H](C)C(=O)[C@@H](C1)[C@H](O)CC1CC(=O)NC(=O)C1,C[C@H]1O[C@H](C[C@H](O)[C@@H]1O)O[C@H]1[C@@H](O)C[C@H](O[C@H]2[C@@H](O)C[C@H](O[C@H]3CC[C@@]4(C)[C@H](CC[C@@H]5[C@@H]4C[C@@H](O)[C@]4(C)[C@H](CC[C@]54O)C4=CC(=O)OC4)C3)O[C@@H]2C)O[C@@H]1C,kidney,Rat,Human,0.10106383,0.670403004,0.69874477,,,,,
NC1=CC=C(C=C1)\N=N\C1=CC=CC=C1,CN(C)C1=CC=C(C=C1)N=NC1=CC=CC=C1,kidney,Rat,Human,0.690909091,0.620289326,0.69874477,,,,,
CS(=O)(=O)C1=CC=C(C=C1Cl)[C@@H](CC1CCCC1)C(=O)NC1=NC=CN=C1,O=C(N[C@H]1CN2CCC1C2)C1=CC2=C(OC=C2)C=N1,prostate,Rat,Human,0.2,0.777383864,0.891304348,,,,,
OC1=CC=C(C=C1)C(C1=CC=C(O)C=C1)C(Cl)(Cl)Cl,ClC1=CC=C(C=C1)C(C1=CC=C(Cl)C=C1)C(Cl)(Cl)Cl,kidney,Rat,Human,0.625,0.735302925,0.69874477,,,,,
CCCCOC(=O)C1=CC=C(O)C=C1,C[Hg]COC(=O)C1=CC=C(O)C=C1,kidney,Rat,Human,0.630434783,0.990624964,0.69874477,,,,,
[Na+].[Na+].[O-]S(=O)(=O)C1=CC=CC=C1C=CC1=CC=C(C=C1)C1=CC=C(C=CC2=CC=CC=C2S([O-])(=O)=O)C=C1,N(C1=CC=C(C=C1)C1=C(N=N1)C1=CC=C(C=C1)C1=CC=C(Br)C=C1)C1=CC=C(Br)C=C1,kidney,Rat,Human,0.291390728,0.632349312,0.69874477,,,,,
[H][C@@]12CCC(=O)[C@@]1(C)CC[C@@]1([H])[C@@]2([H])CCC2=CC(=O)CC[C@]12C,[H][C@@]12CCC(=O)[C@@]1(C)CC[C@@]1([H])[C@@]2([H])CCC2=C(CC[C@@]12C)C(=O)C#C,prostate,Rat,Human,0.64,0.521263719,0.891304348,,,,,
CC(C)=C[C@@H]1[C@@H](C(=O)O[C@H]2CC(=O)C(CC=C)=C2C)C1(C)C,[H][C@@]12CC[C@](C)(O)[C@@]1(C)CC[C@@]1([H])[C@@]2([H])CC[C@@]2([H])CC(=O)\C(C[C@]12C)=C\O,kidney,Rat,Human,0.158878505,0.63260901,0.69874477,,,,,
CCC1=C(OCC(O)=O)C=CC(SCC2=C(CN3CCN(CC3)C3=CC=C(OC)C=C3)N=C(S2)C2=CC=C(C=C2)C(F)(F)F)=C1,CC1=C(OCC(O)=O)C(=O)C=CC(C2=CC=C(OC3=CC=C(O)C=C3)N=C(S2)C2=CC=C(C=C2)C(F)(F)F)=C1,kidney,Rat,Human,0.394117647,0.588021517,0.69874477,,,,,
[H][C@@]12CC[C@H](O)[C@@]1(C)CC[C@@]1([H])[C@@]2([H])CC[C@@]2([H])CC(=O)CC[C@]12C,[H][C@@]12CC[C@H](O)[C@@]1(C)CC[C@]1([H])C3=C(CC[C@@]21[H])C=C(O)C=C3,prostate,Rat,Human,0.380952381,0.552229702,0.891304348,,,,,
CCCOC\C(=N/C1=C(C=C(Cl)C=C1)C(F)(F)F)N1C=CN=C1,CCCOC(=O)N1C(=C(Cl)C(=O)N1C1=C(Cl)C=C(Cl)C=C1Cl)C#N,kidney,Rat,Human,0.174311927,0.11744979,0.69874477,,,,,
CC(C)(C1=CC=C(O)C=C1)C1=CC=C(O)C=C1,CC(C)(C1=CC(Br)=C(O)C(Br)=C1)C1=CC(Br)=C(O)C(Br)=C1,prostate,Rat,Human,0.259259259,0.860872209,0.891304348,,,,,
N#CC1=CC=C(C=C1)C(N1C=NC=N1)C1=CC=C(C=C1)C#N,[K+].[Ag+].[C-]#N.[C-]#N,kidney,Rat,Human,0.028571429,0.973747432,0.69874477,,,,,
CCCCC(O)(CN1C=NC=N1)C1=CC=C(Cl)C=C1Cl,CC(C)(C)C(O)C(=C/C1=C(Cl)C=C(Cl)C=C1)\N1C=NC=N1,prostate,Rat,Human,0.395061728,0.43645829,0.891304348,,,,,
C[C@H]1CCCC(=O)CCC\C=C\C2=C(C(O)=CC(O)=C2)C(=O)O1,[H][C@@]12CC[C@H](O)[C@@]1(C)CC[C@]1([H])C3=CC=C(O)C=C3CC[C@@]21[H],kidney,Rat,Human,0.21,0.8048805,0.69874477,,,,,
C[C@]12CC[C@H]3[C@@H](CC=C4C[C@@H](O)CC[C@]34C)[C@@H]1CCC2=O,C[C@@H]1[C@@H]2NC[C@@H](C)C[C@H]2O[C@]11CC[C@H]2[C@@H]3C=C4C[C@@H](O)CC[C@]4(C)[C@H]3CC2=C1C,prostate,Rat,Human,0.342857143,0.503426194,0.891304348,,,,,
CCCCCCCCOC(=O)C1=CC(O)=C(O)C(O)=C1,OC(=O)C1=CC(O)=C(O)C(O)=C1,prostate,Rat,Human,0.433333333,0.999957204,0.891304348,,,,,
CC(C)=CC1C(C(=O)OCC2=COC(CC3=CC=CC=C3)=C2)C1(C)C,CC1(C)C(C=C(Cl)Cl)C1C(=O)OC(C#N)C1=CC=CC(OC2=CC=CC=C2)=C1,prostate,Rat,Human,0.37037037,0.511926115,0.891304348,,,,,
O=S(=O)(C1=CC=CC=C1)C1=CC=CC=C1,F[Sn](C1=CC=CC=C1)C1=CC=CC=C1,kidney,Rat,Human,0.5,0.992105126,0.69874477,,,,,
COC1=CC2=C(C=C1OC)[C@H]1[C@@H](CO2)OC2=C(C=CC3=C2C[C@@H](O3)C(C)=C)C1=O,COC1=C2C(=O)C3=C(C(O)=C4C[C@](O)(C[C@H](O[C@H]5C[C@H](N)[C@H](O)[C@H](C)O5)C4=C3O)C(C)=O)C(=O)C2=CC=C1,kidney,Rat,Human,0.233333333,0.970030785,0.69874477,,,,,
[Cl-].CCCCCCCC[N+](C)(CCCCCCCC)CCCCCCCC,[Cl-].[Cl-].[Cd++],kidney,Rat,Human,0.012987013,0.999254286,0.69874477,,,,,
CCC(=C(C1=CC=C(O)C=C1)C1=CC=C(OCCN(C)C)C=C1)C1=CC=CC=C1,CC\C(=C(/C1=CC=C(O)C=C1)C1=CC=C(OCCN(C)C)C=C1)C1=CC=CC=C1,kidney,Rat,Human,1,0.991224945,0.69874477,,,,,
CC1=CC=C(C=C1)C1=CC(=NN1C1=CC=C(C=C1)S(N)(=O)=O)C(F)(F)F,OC1=CC=C(C=C1)C1=CC(=NC2=CC=C(C=C2)C(F)(F)F)C=C1,kidney,Rat,Human,0.333333333,0.679353356,0.69874477,,,,,
O=C(C(=O)C1=CC=CC=C1)C1=CC=CC=C1,[O-][N+]1=C(SSC2=[N+]([O-])C=CC=C2)C=CC=C1,kidney,Rat,Human,0.243243243,0.740236163,0.69874477,,,,,
CCC(=O)O[C@H]1CC[C@H]2[C@@H]3CCC4=CC(=O)CC[C@]4(C)[C@H]3CC[C@]12C,COC1=CC2=C(C=C1)[C@H]1CC[C@@]3(C)[C@@H](CC[C@@]3(O)C#C)[C@@H]1CC2,prostate,Rat,Human,0.261682243,0.465534002,0.891304348,,,,,
CC1(C)C(C(=O)OC(C#N)C2=CC=CC(OC3=CC=CC=C3)=C2)C1(C)C,CC(C)[C@@H](NC1=C(Cl)C=C(C=C1)C(F)(F)F)C(=O)OC(C#N)C1=CC(OC2=CC=CC=C2)=CC=C1,kidney,Rat,Human,0.473684211,0.362462282,0.69874477,,,,,
OC1=CC=C(C=C1)C(C1=CC=C(O)C=C1)C(Cl)(Cl)Cl,ClC1=CC=C(C=C1)C(C1=CC=C(Cl)C=C1)C(Cl)(Cl)Cl,kidney,Rat,Human,0.625,0.735302866,0.69874477,,,,,
O.O.O.O.[Na+].[O-]C1=C(C=CC=C1)C1=CC=CC=C1,[Na+].[N-]=[N+]=[N-],prostate,Rat,Human,0.020408163,0.972643971,0.891304348,,,,,
COC1=CC2=C(C=C1OC)[C@H]1[C@@H](CO2)OC2=C(C=CC3=C2C[C@@H](O3)C(C)=C)C1=O,COC1=C2C(=O)C3=C(C(O)=C4C[C@](O)(C[C@H](O[C@H]5C[C@H](N)[C@H](O)[C@H](C)O5)C4=C3O)C(C)=O)C(=O)C2=CC=C1,kidney,Rat,Human,0.233333333,0.970030785,0.69874477,,,,,
COC1=CC2=C(C=CC(=O)O2)C(OC)=C1,COC1=CC(=CC(O)=C1O)C(C)(C)C,kidney,Rat,Human,0.238095238,0.51692909,0.69874477,,,,,
[Na+].NC1=C(\N=N\C2=CC=CC=C2C(F)(F)F)C2=C(C=C1)C=C(C=C2O)S([O-])(=O)=O,COC1=CN=C(OC)N2N=C(NS(=O)(=O)C3=C(C=CC=C3OCC(F)F)C(F)(F)F)N=C12,prostate,Rat,Human,0.223880597,0.567625284,0.891304348,,,,,
FC(F)C(F)(F)OCC(CN1C=NC=N1)C1=C(Cl)C=C(Cl)C=C1,CCOCN1C(=C(C#N)C(Br)=C1C(F)(F)F)C1=CC=C(Cl)C=C1,kidney,Rat,Human,0.225490196,0.640950263,0.69874477,,,,,
OC(C1=CC=C(Cl)C=C1)(C1=CN=CN=C1)C1=CC=CC=C1Cl,OC(C1=CC=C(Cl)C=C1)(C1=CN=CN=C1)C1=CC=C(Cl)C=C1,kidney,Rat,Human,0.702702703,0.823166788,0.69874477,,,,,
O=S(=O)(C1=CC=CC=C1)C1=CC=CC=C1,O[Sn](C1=CC=CC=C1)C1=CC=CC=C1,kidney,Rat,Human,0.5,0.950160384,0.69874477,,,,,
O.[K+].NC(=O)C1=NC(=N[N-]1)C1=CC=CC(=C1)C1=CC(F)=CC=C1OCC(F)(F)C(F)(F)F,[H][C@](C)(O[C@@]1([H])OCCN(CC2=NC(=O)NN2)[C@@]1([H])C1=CC=C(F)C=C1)C1=CC(=CC(=C1)C(F)(F)F)C(F)(F)F,kidney,Rat,Human,0.282758621,0.322502851,0.69874477,,,,,
CC\C(=C(\CC)C1=CC=C(O)C=C1)C1=CC=C(O)C=C1,CCC(=O)OC1=CC=C(C=C1)C(\CC)=C(/CC)C1=CC=C(OC(=O)CC)C=C1,kidney,Rat,Human,0.488888889,0.844393015,0.69874477,,,,,
CCC1=C(OCC(O)=O)C=CC(SCC2=C(CN3CCN(CC3)C3=CC=C(OC)C=C3)N=C(S2)C2=CC=C(C=C2)C(F)(F)F)=C1,OC(=O)C(F)(F)F.COC1=CC(C2=C(CC3CCCCC3)SC(NC(=O)C3=CC4=CC(C)=CC(C)=C4N3CC(O)=O)=N2)=C(OC)C=C1Cl,prostate,Rat,Human,0.228571429,0.798554122,0.891304348,,,,,
[Cl-].CCCCCCCC[N+](C)(CCCCCCCC)CCCCCCCC,[Cl-].[Cl-].[Hg++],kidney,Rat,Human,0.012987013,0.999368131,0.69874477,,,,,
[Cl-].CCCCCCCCCCCCCC[P+](CCCC)(CCCC)CCCC,CCCC[Sn](CCCC)(CCCC)O[Sn](CCCC)(CCCC)CCCC,kidney,Rat,Human,0.353982301,0.952040851,0.69874477,,,,,
[Cl-].CCCCCCCCCCCC[N+](C)(C)C,[Cl-].[Cl-].[Hg++],brain,Rat,Human,0.021276596,0.947255969,1,,,,,
CC(C)(COCC1CO1)COCC1CO1,C[C@@]12CC[C@H]3[C@@H](CCC4=C(O)C(=O)CC[C@@H]34)[C@@H]1CC[C@@H]2O,kidney,Rat,Human,0.052631579,0.267295688,0.69874477,,,,,
OC1=CC(Cl)=C(C=C1)C1=CC=CC=C1,ClC1=NC=CC(NC(=O)NC2=CC=CC=C2)=C1,prostate,Rat,Human,0.348484848,0.548258007,0.891304348,,,,,
COC1=C(OC)C=C(C=C1)C(=CC(=O)N1CCOCC1)C1=CC=C(Cl)C=C1,COC1=C(C=C)C(=C1)C(=O)C1=CC=C(OC)C=C1,brain,Rat,Human,0.295918367,0.923016965,1,,,,,
CS([O-])(=O)=O.CN(C[C@@H](CC[N+]12CCC(CC1)(CC2)C1CCCCC1)C1=CC(Cl)=C(Cl)C=C1)C(=O)C1=CC(=CC(=C1)C(F)(F)F)C(F)(F)F,C[C@@]12CCC[C@H]1[C@@H]1CC[C@H]3C[C@@H](O)CC[C@]3(C)[C@H]1CC2,kidney,Rat,Human,0.125,0.572244346,0.69874477,,,,,
O=P(OC1=CC=CC=C1)(OC1=CC=CC=C1)OC1=CC=CC=C1,F[Sn](C1=CC=CC=C1)(C1=CC=CC=C1)C1=CC=CC=C1,kidney,Rat,Human,0.494117647,0.998416066,0.69874477,,,,,
C[C@H]1CCCC(=O)CCC\C=C\C2=C(C(O)=CC(O)=C2)C(=O)O1,[H][C@@]12CC[C@H](O)[C@@]1(C)CC[C@]1([H])C3=CC=C(O)C=C3CC[C@@]21[H],kidney,Rat,Human,0.21,0.8048805,0.69874477,,,,,
CCCCC(CC)COC(=O)C1=CC=C(O)C=C1,CCCCOC(=O)C1=CC=C(O)C=C1,prostate,Rat,Human,0.648148148,0.466253549,0.891304348,,,,,
FC1=CC(Br)=C(C=C1)C(=O)NS(=O)(=O)\C=C\C1=CC=CS1,[Na+].FC1=CC=C(C=C1)C(=O)NS(=O)(=O)\C=C\C1=CC=CS1,prostate,Rat,Human,0.666666667,0.651145101,0.891304348,,,,,
ClC1=CC=C(C=C1)C(C(=O)C1C(=O)C2=C(C=CC=C2)C1=O)C1=CC=CC=C1,[Na+].CCCCC1=NC2=CC=CC=C2C2=C1C=C(C=C2)C1=CC=CC=C1,prostate,Rat,Human,0.307017544,0.514309824,0.891304348,,,,,
CCC(COC(=O)C=C)(COC(=O)C=C)COC(=O)C=C,C=CC(=O)OCCN1C(=O)N(CCOC(=O)C=C)C(=O)N(CCOC(=O)C=C)C1=O,kidney,Rat,Human,0.412371134,0.017385641,0.69874477,,,,,
CC1COC(CN2C=NC=N2)(O1)C1=C(Cl)C=C(OC2=CC=C(Cl)C=C2)C=C1,C[C@]12OC(=O)N(CC3=CN=C3)OC2=C(O1)C1=CC=CC=C1,kidney,Rat,Human,0.179487179,0.347850382,0.69874477,,,,,
O=C1C=C(OC2=CC=CC=C12)C1=CC=CC=C1,OC1=CC2=C(C(O)=C1)C(=O)C=C(O2)C1=CC=CC=C1,kidney,Rat,Human,0.529411765,0.579944134,0.69874477,,,,,
CC1(C)NC(=O)N(C1=O)C1=CC(=C(C=C1)[N+]([O-])=O)C(F)(F)F,CN1C=NC1=S,prostate,Rat,Human,0.058823529,0.945432484,0.891304348,,,,,
CC(C)(C)C1=CSC(=N1)C1=CC2=C(O1)C=CC(OCC1=CC=CC=C1CC(O)=O)=C2,CC(C)(C)C1=CSC(=N1)C1=CC2=C(O1)C=CC(OCC1=CC=CC=C1CCC(O)=O)=C2,prostate,Rat,Human,0.880434783,0.729566574,0.891304348,,,,,
[Cl-].CCCCCCCCCCCCCCCCCC[N+](C)(C)CC1=CC=CC=C1,[Cl-].CCCCCCCCCCCCCCCCC[N+](C)(C)CC1=CC=CC=C1,kidney,Rat,Human,0.963414634,0.070894025,0.69874477,,,,,
[Cl-].CCCCCCCC[N+](C)(CCCCCCCC)CCCCCCCC,[Cl-].[Cl-].[Hg++],kidney,Rat,Human,0.012987013,0.999368131,0.69874477,,,,,
CC1(C)C(C(=O)OC(C#N)C2=CC=CC(OC3=CC=CC=C3)=C2)C1(C)C,CC(C)[C@@H](NC1=C(Cl)C=C(C=C1)C(F)(F)F)C(=O)OC(C#N)C1=CC(OC2=CC=CC=C2)=CC=C1,kidney,Rat,Human,0.473684211,0.362462282,0.69874477,,,,,
CN(C(=O)C(C)(C)C1=CC(=CC(=C1)C(F)(F)F)C(F)(F)F)C1=CN=C(C=C1C1=CC=C(F)C=C1C)N1CC[C@@H](O)[C@H]1CO,CC[C@@H]1C[C@H](N(CC2=CC(=CC(=C2)C(F)(F)F)C(F)(F)F)C(C)=O)C2=C(C=CC(=C2)C(F)(F)F)N1C(=O)OC(C)C,prostate,Rat,Human,0.343373494,0.477513582,0.891304348,,,,,
OC1=C(CC=C)C=C(C=C1)S(=O)(=O)C1=CC(CC=C)=C(O)C=C1,OC1=C(CC2=CC=C(O)C=C2)C=C(O)C=C1,prostate,Rat,Human,0.301204819,0.860610485,0.891304348,,,,,
C[C@H]1CCCC(=O)CCC\C=C\C2=C(C(O)=CC(O)=C2)C(=O)O1,C[C@]12CC[C@H]3C(=CCC4=C3C=CC(O)=C4)[C@@H]1CCC2=O,kidney,Rat,Human,0.24742268,0.716189682,0.69874477,,,,,
Cl.COC1=CC=CC(=C1)C1=C(Cl)C=C(\C=C/CN2CCCCCC2)C=C1,Cl.CSC1=CC2=C(SC3=C(C=CC=C3)N2CCC2CCCCN2C)C=C1,kidney,Rat,Human,0.254237288,0.326970547,0.69874477,,,,,
OCCC1=CC=C(NC2=CC=C(O)C3=C2C(=O)C2=C(C=CC(O)=C2C3=O)[N+]([O-])=O)C=C1,C[C@@H]1O[C@H](C[C@H](N)[C@@H]1O)O[C@H]1C[C@@](O)(CC2=C(O)C3=C(C(O)=C12)C(=O)C1=C(C=CC=C1O)C3=O)C(C)=O,kidney,Rat,Human,0.223684211,0.987204134,0.69874477,,,,,
CC(O)(CS(=O)(=O)C1=CC=C(F)C=C1)C(=O)NC1=CC(=C(C=C1)C#N)C(F)(F)F,FC(OC(F)(F)F)C(F)(F)OC1=C(Cl)C=C(NC(=O)NC(=O)C2=C(F)C=CC=C2F)C=C1,prostate,Rat,Human,0.275590551,0.525183678,0.891304348,,,,,
CCCCC(CC)COC(=O)C1=CC=C(O)C=C1,CCCCOC(=O)C1=CC=C(O)C=C1,prostate,Rat,Human,0.648148148,0.466253579,0.891304348,,,,,
CCN(CC)C1=CC=C(C=O)C(O)=C1,CCOC1=C(O)C=CC(C=O)=C1,prostate,Rat,Human,0.365384615,0.512817502,0.891304348,,,,,
NC1=C(C=C(C=C1)[N+]([O-])=O)C#N,[K+].N#C[Au-]C#N,kidney,Rat,Human,0.069767442,0.91886431,0.69874477,,,,,
O[N+]([O-])=O.ClC1=CC=C(COC(CN2C=CN=C2)C2=C(Cl)C=C(Cl)C=C2)C=C1,N1C=C(C=C1)C1=CC=C(OC(=O)N2CCCN=C2C1=O)C#C,prostate,Rat,Human,0.111111111,0.501580596,0.891304348,,,,,
NC1=CC2=C(C=CC=C2)C=C1,N=C1NC(=N)C2=C1C=C1C=CC=CC1=C2,kidney,Rat,Human,0.388888889,0.906204164,0.69874477,,,,,
O.O.O.O.[Na+].[O-]C1=C(C=CC=C1)C1=CC=CC=C1,[Na+].[N-]=[N+]=[N-],prostate,Rat,Human,0.020408163,0.972643971,0.891304348,,,,,
CC1(CCCCC1)C(=O)NC1=C(Cl)C(Cl)=C(O)C=C1,[H][C@@]12CC[C@@](O)(C#C)[C@@]1(C)CC[C@]1([H])C3=C(CC[C@@]21[H])C=C(O)C=C3,kidney,Rat,Human,0.2,0.786792696,0.69874477,,,,,
CCCCCCCCCC1=CC=C(O)C=C1,CC1=CC=C(O)C=C1,prostate,Rat,Human,0.333333333,0.538474202,0.891304348,,,,,
NC1=CC2=C(C=CC=C2)C=C1,N=C1NC(=N)C2=C1C=C1C=CC=CC1=C2,kidney,Rat,Human,0.388888889,0.906204164,0.69874477,,,,,
[Cl-].CN(C)C1=CC=C(C=C1)C(C1=CC=C(C=C1)N(C)C)=C1C=CC(C=C1)=[N+](C)C,FC1=CC=C(C=C1)C(C1=CC=C(N)C=C1)=C1C=CC(=N)C=C1,kidney,Rat,Human,0.463917526,0.888873041,0.69874477,,,,,
C[C@H]1CCCC(=O)CCC\C=C\C2=C(C(O)=CC(O)=C2)C(=O)O1,CC[C@]12CC[C@H]3[C@@H](CCC4=C\C(CC[C@H]34)=N\O)[C@@H]1CC[C@@]2(O)C#C,kidney,Rat,Human,0.137931034,0.833482504,0.69874477,,,,,
Cl.CCN1CCC2(COC3=C2C=C2N(CCC2=C3)C(=O)C2=CC=C(C=C2)C2=CC=C(C=C2C)C2=NN=C(C)O2)CC1,Cl.CCN1CCC2(OC3=C2C=C2N(CCC2=C3)C(=O)C2=CC=C(C=C2)C2=CC=C(C=C2C)C2=NN=C(C)O2)CC1,kidney,Rat,Human,0.848,0.57060343,0.69874477,,,,,
CCCCCC[C@@H](O)C\C=C/CCCCCCCC(O)=O,CC(C)=CCCC(C)=CCCCC(C)=O,prostate,Rat,Human,0.164705882,0.961777925,0.891304348,,,,,
OC1=C(CC2=C(Cl)C(Cl)=CC(Cl)=C2O)C(Cl)=C(Cl)C=C1Cl,ClC1=C(Cl)C(Cl)=C(Cl)C(Cl)=C1Cl,prostate,Rat,Human,0.307692308,0.70908612,0.891304348,,,,,
[Cl-].CN(C)C1=CC=C(C=C1)C(C1=CC=C(C=C1)N(C)C)=C1C=CC(C=C1)=[N+](C)C,CN(C)C1=CC=C(C=C1)C(=O)C1=CC=C(C=C1)N(C)C,prostate,Rat,Human,0.576470588,0.410402119,0.891304348,,,,,
O=C(OC1=CC=CC=C1)C1=CC=CC=C1C(=O)OC1=CC=CC=C1,CCOC(=O)C1=NOC(C1)(C1=CC=C(Cl)C=C1)C1=CC=CC=C1,kidney,Rat,Human,0.283018868,0.405032635,0.69874477,,,,,
CCCCOP(=O)(CCCC)OCCCC,CCCC[Sn](Cl)(CCC)CCCC,kidney,Rat,Human,0.362068966,0.97653234,0.69874477,,,,,
OC(=O)\C=C/C(O)=O.CN(CCOC1=CC=C(CC2SC(=O)NC2=O)C=C1)C1=CC=CC=N1,CC1(COC2=CC=C(CC3SC(=O)NC3=O)C=C2)CCCCC1,kidney,Rat,Human,0.385964912,0.565426826,0.69874477,,,,,
CC(C)=CC1C(C(=O)OC2CC(=O)C(CC#C)=C2C)C1(C)C,CC[C@]12CC[C@H]3[C@@H](CCC4=C\C(CC[C@H]34)=N\O)[C@@H]1CC[C@@]2(OC(C)=O)C#C,kidney,Rat,Human,0.155172414,0.82101351,0.69874477,,,,,
CC1=C2C=CC=CC2=C(C)C2=C3C=CC=CC3=CC=C12,ClC1=C2C=CC=CC2=C(C=O)C2=CC=CC=C12,kidney,Rat,Human,0.445945946,0.724610567,0.69874477,,,,,
CN(C(=O)C(C)(C)C1=CC(=CC(=C1)C(F)(F)F)C(F)(F)F)C1=CN=C(C=C1C1=CC=C(F)C=C1C)N1CC[C@@H](O)[C@H]1CO,CC[C@@H]1C[C@H](N(CC2=CC(=CC(=C2)C(F)(F)F)C(F)(F)F)C(C)=O)C2=C(C=CN=C2)N=C(O1)C(F)(F)F,prostate,Rat,Human,0.329192547,0.535215914,0.891304348,,,,,
COC1=CC(=CC=C1N)C1=CC(OC)=C(N)C=C1,OC1=CC=C(C(=O)C2=CC=C(O)C=C2O)C(O)=C1,kidney,Rat,Human,0.222222222,0.664915442,0.69874477,,,,,
FC(F)(F)C1=C(Br)C(C#N)=C(N1)C1=CC=C(Cl)C=C1,FC1(F)OC2=CC=CC(=C2O1)C1=CNC=C1C#N,kidney,Rat,Human,0.214285714,0.927783668,0.69874477,,,,,
CCCCOC(=O)C1=CC=C(O)C=C1,OC(=O)C1=CC=C([Hg]Cl)C=C1,kidney,Rat,Human,0.326923077,0.994470596,0.69874477,,,,,
[Na+].[Na+].CC1=CC=C(C=C1)S(=O)(=O)OC1=CC=C(C=C1)N=NC1=C(C)C=C(C=C1)C1=CC=C(N=NC2=C(O)C=CC3=CC(=CC(=C23)S([O-])(=O)=O)S([O-])(=O)=O)C(C)=C1,OC1=CC=CC(=C1)C1=C2\CCC(=N2)\C(=C2/N\C(\C=C2)=C(/C2=N/C(/C=C2)=C(\C2=CC=C\1N2)C1=CC(O)=CC=C1)C1=CC(O)=CC=C1)\C1=CC(O)=CC=C1,kidney,Rat,Human,0.216,0.849381208,0.69874477,,,,,
CCC(=C(C1=CC=C(O)C=C1)C1=CC=C(OCCN(C)C)C=C1)C1=CC=CC=C1,CC\C(=C(/C1=CC=C(O)C=C1)C1=CC=C(OCCN(C)C)C=C1)C1=CC=CC=C1,prostate,Rat,Human,1,0.473913103,0.891304348,,,,,
COC1=CC2=C(C=CC(=O)O2)C(OC)=C1,COC1=C2C(=O)C3=C(OC(=O)C=C3)C(=O)C2=CC=C1,kidney,Rat,Human,0.338028169,0.301278293,0.69874477,,,,,
[Cl-].CCCCCCCCCC[N+](C)(C)CCCCCCCCCC,[Cl-].[Cl-].[Hg++],prostate,Rat,Human,0.014705882,0.510955095,0.891304348,,,,,
[Na+].COC1=CC=C(C=C1)\N=N\C1=C(OC)C=C(\N=N\C2=CC=C(C=C2)S([O-])(=O)=O)C(C)=C1,[Na+].COC1=CC=C(\C=C\S(=O)(=O)[N-]C(=O)C2=CC=C(C)C=C2Cl)C=C1,prostate,Rat,Human,0.302521008,0.494905978,0.891304348,,,,,
CC(C)OC(=O)C1=CC=CC=C1C(=O)OC(C)C,O=C(OC1CCCC1)C1=C(C=CC=C1)C(=O)OC1CCCC1,kidney,Rat,Human,0.333333333,0.397669762,0.69874477,,,,,
"CCCCCCCCCCCC*.OS(=O)(=O)C1=CC=CC=C1 |c:18,20,t:16,lp:13:2,15:2,16:2,m:12:20.21.22|",C[C@]12CC[C@H]3[C@H]([C@@H]1CC[C@@H]2O)[C@H](CCCCCCCCS(=O)CCCC(F)(F)C(F)(F)F)CC1=C3C=CC(O)=C1,kidney,Rat,Human,0.215277778,0.321382314,0.69874477,,,,,
CC(C)(C1=CC=CC=C1)C1=CC=C(O)C=C1,CC(C)(C1=CC=CC=C1)C1=CC(=C(O)C=C1)C(C)(C)C1=CC=CC=C1,brain,Rat,Human,0.533333333,0.716904819,1,,,,,
CCOC(=O)C(O)(C1=CC=C(Cl)C=C1)C1=CC=C(Cl)C=C1,OC(C1=CC=C(Cl)C=C1)(C1=CC=C(Cl)C=C1)C(Cl)(Cl)Cl,kidney,Rat,Human,0.577464789,0.603048265,0.69874477,,,,,
CCCCOCCOP(=O)(OCCOCCCC)OCCOCCCC,OC(=O)CN(CCOCCOCCN(CC(O)=O)CC(O)=O)CC(O)=O,kidney,Rat,Human,0.190082645,0.134998426,0.69874477,,,,,
[Cl-].CN(C)C1=CC=C(C=C1)C(C1=CC=C(C=C1)N(C)C)=C1C=CC(C=C1)=[N+](C)C,[Na+].NC1=CC=C(C=C1)C(=O)C1=CC=C(C=C1)N(C)C,prostate,Rat,Human,0.413043478,0.423899859,0.891304348,,,,,
N(C1=CC=CC=C1)C1=CC=C2C=CC=CC2=C1,N#CC1=C2C=CC=CC2=CC2=C1C=CC=C2,kidney,Rat,Human,0.441176471,0.777619958,0.69874477,,,,,
CC(C)(C1=CC=C(O)C=C1)C1=CC=C(O)C=C1,OC1=CC=C(O)C=C1,prostate,Rat,Human,0.468085106,0.691590548,0.891304348,,,,,
CCCCC(O)(CN1C=NC=N1)C1=CC=C(Cl)C=C1Cl,FC(F)C(F)(F)OCC(OC1=C(Cl)C=C(Cl)C=C1)C1=CC=C(Cl)C=C1,prostate,Rat,Human,0.215686275,0.49333933,0.891304348,,,,,
"CCCCCCCCCCCC*.OS(=O)(=O)C1=CC=CC=C1 |c:18,20,t:16,lp:13:2,15:2,16:2,m:12:20.21.22|",CCCCCCCCOC(=O)C1=C(C=CC=C1)C(=O)OCCCCCCCCN1CCCC1,kidney,Rat,Human,0.391304348,0.091391012,0.69874477,,,,,
COC1=CC(C=CC)=CC=C1O,COC1=CC=CC(O)=C1O,kidney,Rat,Human,0.395348837,0.806994379,0.69874477,,,,,
Cl.OC1=CC=C(C=C1)C1=C(C(=O)C2=CC=C(OCCN3CCCCC3)C=C2)C2=CC=C(O)C=C2S1,OC1=CC=C(C=C1)C1=C(C(=O)C2=CC=C(OCCN3CCCCC3)C=C2)C2=CC=C(O)C=C2S1,kidney,Rat,Human,0.99,0.893846393,0.69874477,,,,,
CNS(=O)(=O)C1=C(F)C=C(Cl)C(=C1)C(=O)N1CCC(CCN2C3CCC2CC(C3)N2C(C)=NC3=C2C=CC=C3)(CC1)C1=CC(F)=CC=C1,CN(C)S(=O)(=O)N1C(=NC(Cl)=C1C1=CC(C)=C(Cl)C=C1)C1=C(CN2CCCC2)C=C1,brain,Rat,Human,0.209944751,0.924610555,1,,,,,
CCCCOP(=O)(CCCC)OCCCC,CCCC[Sn](Cl)(CCC)CCCC,kidney,Rat,Human,0.362068966,0.97653234,0.69874477,,,,,
CCCCC\C=C/C\C=C/CCCCCCCC(=O)OC,CCCCCCCCC=CCCCCCCCC1=NCCN1CCO,prostate,Rat,Human,0.414893617,0.50792563,0.891304348,,,,,
CCN(CC)C1=CC=C(C=O)C(O)=C1,CCOC1=C(O)C=CC(C=O)=C1,prostate,Rat,Human,0.365384615,0.512817442,0.891304348,,,,,
CC1(CCCCC1)C(=O)NC1=C(Cl)C(Cl)=C(O)C=C1,[H][C@@]12CC[C@@](O)(C#C)[C@@]1(C)CC[C@]1([H])C3=C(CC[C@@]21[H])C=C(O)C=C3,kidney,Rat,Human,0.2,0.786792696,0.69874477,,,,,
CCCCC(CC)COC(=O)C1=CC=C(O)C=C1,CCCCC(CC)COC(=O)\C=C\C1=CC=C(OC)C=C1,prostate,Rat,Human,0.513888889,0.530588686,0.891304348,,,,,
CC1=C(CCOC2=CC=C(C[C@H](NC3=C(C=CC=C3)C(=O)C3=CC=CC=C3)C(O)=O)C=C2)N=C(O1)C1=CC=CC=C1,CC1=C(CCOC2=CC=CC3=C2C=CN3CCC(O)=O)N=C(O1)C1=CC=CC=C1,kidney,Rat,Human,0.429577465,0.560893476,0.69874477,,,,,
CC1=C(C2=C(C=CC=C2)N1CCCCC(O)=O)C1=CN=CC=C1,CC(=O)O[C@H]1CC[C@]2(C)[C@H]3CC[C@@]4(C)C(=O)CC=C4C=C3C=C2C1,kidney,Rat,Human,0.090163934,0.518095672,0.69874477,,,,,
CC(C)OC1=CC=CC(NC(=O)C2=C(C)C=CC=C2)=C1,CC(C)[C@]12CC[C@H]3[C@@H](CCC4=CC(=O)CC[C@]34C)[C@@H]1CC[C@@H]2O,kidney,Rat,Human,0.090909091,0.519046307,0.69874477,,,,,
COC(=O)C1=C(C=C(CNS(C)(=O)=O)C=C1)S(=O)(=O)NC(=O)NC1=NC(OC)=CC(OC)=N1,CC1=C(OCC)C=C(C=C1)S(=O)(=O)NC1=CC=C(O)C=C1,brain,Rat,Human,0.185483871,0.626852691,1,,,,,
[Cl-].CCCCCCCC[N+](C)(CCCCCCCC)CCCCCCCC,[Cl-].[Cl-].[Hg++],kidney,Rat,Human,0.012987013,0.999368131,0.69874477,,,,,
OC1=C(CC2=CC=CC=C2)C=C(Cl)C=C1,OC1=CC=C(CC2=C(O)C=CC=C2)C=C1,prostate,Rat,Human,0.535714286,0.828145742,0.891304348,,,,,
CC1=C2C=CC=CC2=C(C)C2=C3C=CC=CC3=CC=C12,ClC1=C2C=CC=CC2=C(C=O)C2=CC=CC=C12,kidney,Rat,Human,0.445945946,0.724610567,0.69874477,,,,,
Cl.CCCCC1=C(C(=O)C2=CC(I)=C(OCCN(CC)CC)C(I)=C2)C2=C(O1)C=CC=C2,CCC1=C(C(=O)C2=CC(Br)=C(O)C(Br)=C2)C2=CC=CC=C2O1,prostate,Rat,Human,0.419047619,0.959211767,0.891304348,,,,,
CCOP(=S)(OCC)SCN1C(=O)OC2=CC(Cl)=CC=C12,CCOP(=S)(OCC)SCSC1=C(C=C(Cl)C=C1)C(C)(C)C,kidney,Rat,Human,0.481012658,0.280675501,0.69874477,,,,,
OCCC1=CC=C(NC2=CC=C(O)C3=C2C(=O)C2=C(C=CC(O)=C2C3=O)[N+]([O-])=O)C=C1,C[C@@H]1O[C@H](C[C@H](N)[C@@H]1O)O[C@H]1C[C@@](O)(CC2=C(O)C3=C(C(O)=C12)C(=O)C1=C(C=CC=C1O)C3=O)C(C)=O,kidney,Rat,Human,0.223684211,0.987204134,0.69874477,,,,,
C[C@H]1C[C@H](C)C(=O)[C@@H](C1)[C@H](O)CC1CC(=O)NC(=O)C1,C[C@@H]1CCC2[C@@H](C)[C@@H](O)O[C@@H]3O[C@@]4(C)CC[C@@H]1[C@@]23OO4,kidney,Rat,Human,0.134020619,0.672613144,0.69874477,,,,,
C[C@H]1CCCC(=O)CCC\C=C\C2=C(C(O)=CC(O)=C2)C(=O)O1,CC[C@]12CC[C@H]3[C@@H](CCC4=C\C(CC[C@H]34)=N\O)[C@@H]1CC[C@@]2(O)C#C,kidney,Rat,Human,0.137931034,0.833482504,0.69874477,,,,,
OC(=O)\C=C/C(O)=O.CN(CCOC1=CC=C(CC2SC(=O)NC2=O)C=C1)C1=CC=CC=N1,CC1(COC2=CC=C(CC3SC(=O)NC3=O)C=C2)CCCC1,kidney,Rat,Human,0.396396396,0.592424691,0.69874477,,,,,
OC(C1=CC=C(Cl)C=C1)(C1=CN=CN=C1)C1=CC=CC=C1Cl,OC(C1=CC=C(Cl)C=C1)(C1=CN=CN=C1)C1=CC=CC=C1,kidney,Rat,Human,0.746478873,0.785665512,0.69874477,,,,,
OC(=O)\C=C/C(O)=O.CN(CCOC1=CC=C(CC2SC(=O)NC2=O)C=C1)C1=CC=CC=N1,Cl.CCC1=CN=C(CCOC2=CC=C(CC3SC(=O)NC3=O)C=C2)C=C1,kidney,Rat,Human,0.486486486,0.415703952,0.69874477,,,,,
CCOC(=O)\C=C(/C)\C=C\C[C@@H](C)CCCC(C)C,CCCC(=O)O[C@H]1CC[C@H]2[C@@H]3CCC4=CC(OC(=O)CC)=CC=C4[C@H]3CC[C@]12C,kidney,Rat,Human,0.099173554,0.529240072,0.69874477,,,,,
CCCCOP(=O)(CCCC)OCCCC,CCCC[Sn](Cl)(CCC)CCCC,kidney,Rat,Human,0.362068966,0.97653234,0.69874477,,,,,
CC(C)(C)C1=CC=C(OC2CCCCC2OS(=O)OCC#C)C=C1,COC1=CC2=C(C=C1)[C@H]1CC[C@@]3(C)[C@@H](CC[C@@]3(O)C#C)[C@@H]1CC2,kidney,Rat,Human,0.211009174,0.707252085,0.69874477,,,,,
CCC(=C(C1=CC=C(O)C=C1)C1=CC=C(OCCN(C)C)C=C1)C1=CC=CC=C1,CC\C(=C(/C1=CC=C(O)C=C1)C1=CC=C(OCCN(C)C)C=C1)C1=CC=CC=C1,kidney,Rat,Human,1,0.991224945,0.69874477,,,,,
CCCN(CCC)C1=C(C=C(C=C1[N+]([O-])=O)C(F)(F)F)[N+]([O-])=O,[O-][N+](=O)C1=CC(=C(O1)C(=O)C(F)(F)F)[N+]([O-])=O,kidney,Rat,Human,0.337662338,0.42503643,0.69874477,,,,,
CCCCOC(=O)C1=CC=C(O)C=C1,OC(=O)C1=CC=C([Hg]Cl)C=C1,kidney,Rat,Human,0.326923077,0.994470596,0.69874477,,,,,
CS([O-])(=O)=O.CN(C[C@@H](CC[N+]12CCC(CC1)(CC2)C1CCCCC1)C1=CC(Cl)=C(Cl)C=C1)C(=O)C1=CC(=CC(=C1)C(F)(F)F)C(F)(F)F,C[C@@]12CC[C@H]1[C@@H]1CC[C@H]3C[C@@H](O)CC[C@]3(C)[C@H]1CC2,kidney,Rat,Human,0.113772455,0.588071704,0.69874477,,,,,
CCCCC(CC)COP(O)(=O)OCC(CC)CCCC,CCOP(=S)(OCC)SCS(=S)(OCC)OCC,prostate,Rat,Human,0.206896552,0.453898877,0.891304348,,,,,
CCCCN(CCCC)C(=O)N(CCCC)CCCC,CCCC[Sn](CCCC)(CCCC)CCCCC,kidney,Rat,Human,0.438356164,0.947753608,0.69874477,,,,,
Cl[C@H]1[C@H](Cl)[C@@H](Cl)[C@@H](Cl)[C@H](Cl)[C@H]1Cl,ClC12C(=O)C3(Cl)C4(Cl)C1(Cl)C1(Cl)C2(Cl)C3(Cl)C4(Cl)C1(Cl)Cl,kidney,Rat,Human,0.078947368,0.655655742,0.69874477,,,,,
[Ca++].CC(C)C1=C(C(=O)NC2=CC=CC=C2)C(=C(N1CC[C@@H](O)C[C@@H](O)CC([O-])=O)C1=CC=C(F)C=C1)C1=CC=CC=C1.CC(C)C1=C(C(=O)NC2=CC=CC=C2)C(=C(N1CC[C@@H](O)C[C@@H](O)CC([O-])=O)C1=CC=C(F)C=C1)C1=CC=CC=C1,[Cl-].[Cl-].COC1=CC(=CC=C1[N+]1=NC(=NN1C1=CC=C(C=C1)[N+]([O-])=O)C1=CC=CC=C1)C1=CC=C(C(OC)=C1)[N+]1=NC(=NN1C1=CC=C(C=C1)[N+]([O-])=O)C1=CC=CC=C1,kidney,Rat,Human,0.270096463,0.138869867,0.69874477,,,,,
BrCC(Br)COP(=O)(OCC(Br)CBr)OCC(Br)CBr,BrC(Br)(Br)C=O,kidney,Rat,Human,0.064516129,0.984439313,0.69874477,,,,,
O=C(CC1=CC=CC=C1)C1=CC=CC=C1,CCOC(=O)C1=NOC(C1)(C1=CC=CC=C1)C1=CC=CC=C1,kidney,Rat,Human,0.421052632,0.352083266,0.69874477,,,,,
CC1=C(CCOC2=CC=C(C[C@H](NC3=C(C=CC=C3)C(=O)C3=CC=CC=C3)C(O)=O)C=C2)N=C(O1)C1=CC=CC=C1,NC1=NC(=O)C2=C(N1)N=CC(CNC1=CC=C(C=C1)C(=O)N[C@@H](CCC([O-])=O)C(O)=O)=N2,prostate,Rat,Human,0.202312139,0.529691041,0.891304348,,,,,
CC(C)OC(=O)C1=CC=CC=C1C(=O)OC(C)C,O=C(OC1CCCC1)C1=C(C=CC=C1)C(=O)OC1CCCC1,kidney,Rat,Human,0.333333333,0.397669822,0.69874477,,,,,
Cl.CN1C(=O)C=C(OC2=C(F)C=C(F)C=C2)C2=C1N=C(NCC(C)(C)O)N=C2,CS(O)(=O)=O.CC(C)(C)C1=CC(\C=C2/SC(=N)NC2=O)=CC(=C1O)C(C)(C)C,kidney,Rat,Human,0.16,0.953298986,0.69874477,,,,,
CN(C)C1=CC2=C(C=C1)C(C)=CC(=O)O2,CN(C)C1=CC=C(C=C1)N=O,kidney,Rat,Human,0.339622642,0.493602335,0.69874477,,,,,
OC(=O)C1=C(O)C2=CC=CC=C2C(O)=C1,OC1=CC=C(C(=O)C2=CC(O)=C(O)C(O)=C2)C(O)=C1O,kidney,Rat,Human,0.323943662,0.974986553,0.69874477,,,,,
CCOC(=O)C1=NN(C2=C(Cl)C=C(Cl)C=C2)C(C)(C1)C(=O)OCC,CCC(=O)O[C@H]1CC[C@H]2[C@@H]3CCC4=CC(OC(=O)CC)=CC=C4[C@H]3CC[C@]12C,kidney,Rat,Human,0.230769231,0.589029551,0.69874477,,,,,
C[C@H]1CCCC(=O)CCC\C=C\C2=C(C(O)=CC(O)=C2)C(=O)O1,CC[C@]12CC[C@H]3[C@@H](CCC4=C\C(CC[C@H]34)=N\O)[C@@H]1CC[C@@]2(O)C#C,kidney,Rat,Human,0.137931034,0.833482504,0.69874477,,,,,
CCCCCC1=CC=C(O)C=C1,OC1=CC=C([Hg]Cl)C=C1,kidney,Rat,Human,0.372093023,0.998469174,0.69874477,,,,,
NC1=CC=C(C=C1)\N=N\C1=CC=CC=C1,CN(C)C1=CC=C(C=C1)N=NC1=CC=CC=C1,kidney,Rat,Human,0.690909091,0.620289445,0.69874477,,,,,
COC1=C(CN[C@H]2CCCN[C@H]2C2=CC=CC=C2)C=C(OC(F)(F)F)C=C1,COC1=CC=C2N=C(NC3=CC=CC=C3)C(=O)NC2=C1,brain,Rat,Human,0.298076923,0.827394187,1,,,,,
NC1=C(Cl)C=C(C=C1)[N+]([O-])=O,NNC1=NC(=CS1)C1=CC=C(C=C1)[N+]([O-])=O,kidney,Rat,Human,0.321428571,0.403306752,0.69874477,,,,,
CC(C)(C)C1=CC=C(OC2CCCCC2OS(=O)OCC#C)C=C1,OC1=CC2=C(C=C1)[C@H]1CC[C@@]3(C)[C@@H](CC[C@@]3(O)C#C)[C@@H]1CC2,kidney,Rat,Human,0.172727273,0.793364227,0.69874477,,,,,
[Na+].CCCCC(CC)COC(=O)CC(C(=O)OCC(CC)CCCC)S([O-])(=O)=O,[Ba++].CCCCC(CC)CC([O-])=O.CCCCC(=O)OCC(CC)CCCCNC(=N)NCCNC(CC)CCC,prostate,Rat,Human,0.415384615,0.429016769,0.891304348,,,,,
OC1=C(CC2=CC=CC=C2)C=C(Cl)C=C1,OC1=C([Hg]Cl)C=CC=C1,kidney,Rat,Human,0.307692308,0.974101305,0.69874477,,,,,
COCC(C)N(C(=O)CCl)C1=C(C)SC=C1C,CC(C)(OOC(C)(C)C)C1=CC(C)=C(O)C=C1,kidney,Rat,Human,0.141025641,0.400624514,0.69874477,,,,,
CCNC1=NC(N)=NC(Cl)=N1,CCNC1=NC(NC(C)(C)C#N)=NC(Cl)=N1,prostate,Rat,Human,0.489795918,0.587685287,0.891304348,,,,,
OC1=CC=C(C=C1)C(=O)OCC1=CC=CC=C1,OC1=CC=C(C=C1)C(=O)C1=CC=C(O)C(O)=C1O,kidney,Rat,Human,0.38028169,0.951031864,0.69874477,,,,,
OC1=CC=C(C=C1)C1=COC2=C(C=CC(O)=C2)C1=O,OC1=CC=C(C=C1)C1=COC2=C(C(O)=CC(O)=C2)C1=O,kidney,Rat,Human,0.666666667,0.924857855,0.69874477,,,,,
CCNP(=S)(OC)O\C(C)=C\C(=O)OC(C)C,CCNP(=S)(OC)O\C(C)=C/C(=O)OC(C)C,kidney,Rat,Human,1,0.229199037,0.69874477,,,,,
Cl[C@H]1[C@H](Cl)[C@@H](Cl)[C@@H](Cl)[C@H](Cl)[C@H]1Cl,ClC12C(=O)C3(Cl)C4(Cl)C1(Cl)C1(Cl)C2(Cl)C3(Cl)C4(Cl)C1(Cl)Cl,kidney,Rat,Human,0.078947368,0.655655742,0.69874477,,,,,
CC(C)(C)CC(C)(C)C1=CC=C(O)C=C1,CC(C)CC(C)(O)C#CC(C)(O)CC(C)C,prostate,Rat,Human,0.161764706,0.983843386,0.891304348,,,,,
[H][C@@]12C[C@@]3([H])C(=C(O)[C@]1(O)C(=O)C(C(N)=O)=C(O)[C@H]2N(C)C)C(=O)C1=C(C=CC=C1O)[C@@]3(C)O,Cl.CC1=C(Br)C(Br)=C(Br)C(Br)=C1Br,prostate,Rat,Human,0.064814815,0.991284013,0.891304348,,,,,
C[C@H]1CCCC(=O)CCC\C=C\C2=C(C(O)=CC(O)=C2)C(=O)O1,CC[C@]12CC[C@H]3[C@@H](CCC4=C\C(CC[C@H]34)=N\O)[C@@H]1CC[C@@]2(O)C#C,kidney,Rat,Human,0.137931034,0.833482504,0.69874477,,,,,
CCCCCCCCOC(=O)C1=CC(O)=C(O)C(O)=C1,CCCOC(=O)C1=CC(O)=C(O)C(O)=C1,kidney,Rat,Human,0.666666667,0.881325603,0.69874477,,,,,
NC1=C(Cl)C=C(C=C1)[N+]([O-])=O,[O-][N+](=O)C1=C(C=CC=C1Cl)C1=CNC=C1Cl,kidney,Rat,Human,0.303571429,0.599168181,0.69874477,,,,,
N#CC1=CC=C(C=C1)C(N1C=NC=N1)C1=CC=C(C=C1)C#N,[K+].[Ag+].[C-]#N.[C-]#N,kidney,Rat,Human,0.028571429,0.973747432,0.69874477,,,,,
OC1=C(OC2=CC=C(Cl)C=C2Cl)C=CC(Cl)=C1,OC1=CC(Cl)=C(C=C1Cl)C(=O)NC1=CC=C(C=C1Cl)[N+]([O-])=O,prostate,Rat,Human,0.308641975,0.483490586,0.891304348,,,,,
OS(=O)(=O)C(F)(F)C(F)(F)C(F)(F)C(F)(F)C(F)(F)C(F)(F)C(F)(F)C(F)(F)F,[K+].F[B-](F)(F)C(F)(F)C(F)(F)C(F)(F)C(F)(F)C(F)(F)C(F)(F)C(F)(F)C(F)(F)C(F)(F)C(F)(F)F,prostate,Rat,Human,0.585106383,0.628871381,0.891304348,,,,,
CCCCC(CN1C=NC=N1)(C#N)C1=CC=C(Cl)C=C1,CCCCC(C#N)C1=CC(=CC(CN2C=NC=N2)=C1)C(C)(C#N)C1=CC=C(Cl)C=C1,kidney,Rat,Human,0.494736842,0.28820771,0.69874477,,,,,
CC1(CCCCC1)C(=O)NC1=C(Cl)C(Cl)=C(O)C=C1,[H][C@@]12CC[C@H](O)[C@@]1(C)CC[C@]1([H])C3=C(CC[C@@]21[H])C=C(O)C=C3,kidney,Rat,Human,0.197802198,0.804880619,0.69874477,,,,,
N(C1=CC=CC=C1)C1=CC=C2C=CC=CC2=C1,N#CC1=C2C=CC=CC2=CC2=C1C=CC=C2,kidney,Rat,Human,0.441176471,0.777620077,0.69874477,,,,,
C\C=C\C(=C)C1=C(C)CCCC1(C)C,C[C@@](O)(CC[C@H]1[C@](C)(O)CC[C@H]2C(C)(C)CCC[C@]12C)C=C,kidney,Rat,Human,0.172839506,0.297193676,0.69874477,,,,,
